run_name,metric,step,value
batch64,gns_noise_to_signal,16,0.1663576364517212
batch64,gns_noise_to_signal,17,2.6847379207611084
batch64,gns_noise_to_signal,18,3.0286924839019775
batch64,gns_noise_to_signal,19,3.0305862426757812
batch64,gns_noise_to_signal,20,3.3848445415496826
batch64,gns_noise_to_signal,21,3.9690003395080566
batch64,gns_noise_to_signal,22,4.367345333099365
batch64,gns_noise_to_signal,23,4.560666561126709
batch64,gns_noise_to_signal,24,5.043915271759033
batch64,gns_noise_to_signal,25,5.631497383117676
batch64,gns_noise_to_signal,26,6.156800746917725
batch64,gns_noise_to_signal,27,6.468395709991455
batch64,gns_noise_to_signal,28,6.716311454772949
batch64,gns_noise_to_signal,29,7.019069194793701
batch64,gns_noise_to_signal,30,7.177168846130371
batch64,gns_noise_to_signal,31,7.166531562805176
batch64,gns_noise_to_signal,32,7.013260841369629
batch64,gns_noise_to_signal,33,6.94106912612915
batch64,gns_noise_to_signal,34,6.97621488571167
batch64,gns_noise_to_signal,35,7.134973049163818
batch64,gns_noise_to_signal,36,7.507702350616455
batch64,gns_noise_to_signal,37,7.650522232055664
batch64,gns_noise_to_signal,38,7.505607604980469
batch64,gns_noise_to_signal,39,7.493834018707275
batch64,gns_noise_to_signal,40,7.440933704376221
batch64,gns_noise_to_signal,41,7.333176136016846
batch64,gns_noise_to_signal,42,7.356912612915039
batch64,gns_noise_to_signal,43,7.46825647354126
batch64,gns_noise_to_signal,44,7.393814563751221
batch64,gns_noise_to_signal,45,7.284739017486572
batch64,gns_noise_to_signal,46,7.3409423828125
batch64,gns_noise_to_signal,47,7.345586776733398
batch64,gns_noise_to_signal,48,7.623655319213867
batch64,gns_noise_to_signal,49,7.385499477386475
batch64,gns_noise_to_signal,50,7.477435111999512
batch64,gns_noise_to_signal,51,7.300858974456787
batch64,gns_noise_to_signal,52,6.781671047210693
batch64,gns_noise_to_signal,53,6.6640214920043945
batch64,gns_noise_to_signal,54,6.1217546463012695
batch64,gns_noise_to_signal,55,5.991416931152344
batch64,gns_noise_to_signal,56,6.096625804901123
batch64,gns_noise_to_signal,57,6.144603252410889
batch64,gns_noise_to_signal,58,6.070633411407471
batch64,gns_noise_to_signal,59,5.777857303619385
batch64,gns_noise_to_signal,60,5.85277795791626
batch64,gns_noise_to_signal,61,6.2155303955078125
batch64,gns_noise_to_signal,62,6.134147644042969
batch64,gns_noise_to_signal,63,6.098072528839111
batch64,gns_noise_to_signal,64,6.453193664550781
batch64,gns_mu,16,0.1663576364517212
batch64,gns_mu,17,2.6847379207611084
batch64,gns_mu,18,3.0286924839019775
batch64,gns_mu,19,3.0305862426757812
batch64,gns_mu,20,3.3848445415496826
batch64,gns_mu,21,3.9690003395080566
batch64,gns_mu,22,4.367345333099365
batch64,gns_mu,23,4.560666561126709
batch64,gns_mu,24,5.043915271759033
batch64,gns_mu,25,5.631497383117676
batch64,gns_mu,26,6.156800746917725
batch64,gns_mu,27,6.468395709991455
batch64,gns_mu,28,6.716311454772949
batch64,gns_mu,29,7.019069194793701
batch64,gns_mu,30,7.177168846130371
batch64,gns_mu,31,7.166531562805176
batch64,gns_mu,32,7.013260841369629
batch64,gns_mu,33,6.94106912612915
batch64,gns_mu,34,6.97621488571167
batch64,gns_mu,35,7.134973049163818
batch64,gns_mu,36,7.507702350616455
batch64,gns_mu,37,7.650522232055664
batch64,gns_mu,38,7.505607604980469
batch64,gns_mu,39,7.493834018707275
batch64,gns_mu,40,7.440933704376221
batch64,gns_mu,41,7.333176136016846
batch64,gns_mu,42,7.356912612915039
batch64,gns_mu,43,7.46825647354126
batch64,gns_mu,44,7.393814563751221
batch64,gns_mu,45,7.284739017486572
batch64,gns_mu,46,7.3409423828125
batch64,gns_mu,47,7.345586776733398
batch64,gns_mu,48,7.623655319213867
batch64,gns_mu,49,7.385499477386475
batch64,gns_mu,50,7.477435111999512
batch64,gns_mu,51,7.300858974456787
batch64,gns_mu,52,6.781671047210693
batch64,gns_mu,53,6.6640214920043945
batch64,gns_mu,54,6.1217546463012695
batch64,gns_mu,55,5.991416931152344
batch64,gns_mu,56,6.096625804901123
batch64,gns_mu,57,6.144603252410889
batch64,gns_mu,58,6.070633411407471
batch64,gns_mu,59,5.777857303619385
batch64,gns_mu,60,5.85277795791626
batch64,gns_mu,61,6.2155303955078125
batch64,gns_mu,62,6.134147644042969
batch64,gns_mu,63,6.098072528839111
batch64,gns_mu,64,6.453193664550781
batch64,gns_tr_sigma,16,7.037063915049657e-05
batch64,gns_tr_sigma,17,0.0011250966927036643
batch64,gns_tr_sigma,18,0.0011120947310701013
batch64,gns_tr_sigma,19,0.001104347058571875
batch64,gns_tr_sigma,20,0.0010986389825120568
batch64,gns_tr_sigma,21,0.0010733072413131595
batch64,gns_tr_sigma,22,0.001047638594172895
batch64,gns_tr_sigma,23,0.0010562018724158406
batch64,gns_tr_sigma,24,0.001118659507483244
batch64,gns_tr_sigma,25,0.0010968747083097696
batch64,gns_tr_sigma,26,0.0011066662846133113
batch64,gns_tr_sigma,27,0.0010986292036250234
batch64,gns_tr_sigma,28,0.0010774312540888786
batch64,gns_tr_sigma,29,0.001075880485586822
batch64,gns_tr_sigma,30,0.0010666452581062913
batch64,gns_tr_sigma,31,0.0010621461551636457
batch64,gns_tr_sigma,32,0.0010627988958731294
batch64,gns_tr_sigma,33,0.0010543969692662358
batch64,gns_tr_sigma,34,0.001059998874552548
batch64,gns_tr_sigma,35,0.0010539486538618803
batch64,gns_tr_sigma,36,0.0010546980192884803
batch64,gns_tr_sigma,37,0.0010457232128828764
batch64,gns_tr_sigma,38,0.0010415121214464307
batch64,gns_tr_sigma,39,0.0010281841969117522
batch64,gns_tr_sigma,40,0.000960548291914165
batch64,gns_tr_sigma,41,0.00095634680474177
batch64,gns_tr_sigma,42,0.0009446633048355579
batch64,gns_tr_sigma,43,0.0009419116540811956
batch64,gns_tr_sigma,44,0.0009431498474441469
batch64,gns_tr_sigma,45,0.000949751352891326
batch64,gns_tr_sigma,46,0.000943087856285274
batch64,gns_tr_sigma,47,0.0009399097179993987
batch64,gns_tr_sigma,48,0.0009335448266938329
batch64,gns_tr_sigma,49,0.0009235178586095572
batch64,gns_tr_sigma,50,0.0009164672228507698
batch64,gns_tr_sigma,51,0.000907796376850456
batch64,gns_tr_sigma,52,0.0008968941983766854
batch64,gns_tr_sigma,53,0.0008900014800019562
batch64,gns_tr_sigma,54,0.000892753538209945
batch64,gns_tr_sigma,55,0.0008898010710254312
batch64,gns_tr_sigma,56,0.0009058210998773575
batch64,gns_tr_sigma,57,0.0009099501767195761
batch64,gns_tr_sigma,58,0.0009113135747611523
batch64,gns_tr_sigma,59,0.0009009059867821634
batch64,gns_tr_sigma,60,0.0009054697002284229
batch64,gns_tr_sigma,61,0.0009010961512103677
batch64,gns_tr_sigma,62,0.0009112468687817454
batch64,gns_tr_sigma,63,0.0009125390788540244
batch64,gns_tr_sigma,64,0.0009200270869769156
batch64,gns_critical_batch,16,21.293777465820312
batch64,gns_critical_batch,17,343.6464538574219
batch64,gns_critical_batch,18,387.6726379394531
batch64,gns_critical_batch,19,387.9150390625
batch64,gns_critical_batch,20,433.2601013183594
batch64,gns_critical_batch,21,508.03204345703125
batch64,gns_critical_batch,22,559.0202026367188
batch64,gns_critical_batch,23,583.7653198242188
batch64,gns_critical_batch,24,645.6211547851562
batch64,gns_critical_batch,25,720.8316650390625
batch64,gns_critical_batch,26,788.0704956054688
batch64,gns_critical_batch,27,827.9546508789062
batch64,gns_critical_batch,28,859.6878662109375
batch64,gns_critical_batch,29,898.4408569335938
batch64,gns_critical_batch,30,918.6776123046875
batch64,gns_critical_batch,31,917.3160400390625
batch64,gns_critical_batch,32,897.6973876953125
batch64,gns_critical_batch,33,888.4568481445312
batch64,gns_critical_batch,34,892.9555053710938
batch64,gns_critical_batch,35,913.2765502929688
batch64,gns_critical_batch,36,960.9859008789062
batch64,gns_critical_batch,37,979.266845703125
batch64,gns_critical_batch,38,960.7177734375
batch64,gns_critical_batch,39,959.2107543945312
batch64,gns_critical_batch,40,952.4395141601562
batch64,gns_critical_batch,41,938.6465454101562
batch64,gns_critical_batch,42,941.684814453125
batch64,gns_critical_batch,43,955.9368286132812
batch64,gns_critical_batch,44,946.4082641601562
batch64,gns_critical_batch,45,932.4465942382812
batch64,gns_critical_batch,46,939.640625
batch64,gns_critical_batch,47,940.235107421875
batch64,gns_critical_batch,48,975.827880859375
batch64,gns_critical_batch,49,945.3439331054688
batch64,gns_critical_batch,50,957.1116943359375
batch64,gns_critical_batch,51,934.5099487304688
batch64,gns_critical_batch,52,868.0538940429688
batch64,gns_critical_batch,53,852.9947509765625
batch64,gns_critical_batch,54,783.5845947265625
batch64,gns_critical_batch,55,766.9013671875
batch64,gns_critical_batch,56,780.3681030273438
batch64,gns_critical_batch,57,786.5092163085938
batch64,gns_critical_batch,58,777.0410766601562
batch64,gns_critical_batch,59,739.5657348632812
batch64,gns_critical_batch,60,749.1555786132812
batch64,gns_critical_batch,61,795.587890625
batch64,gns_critical_batch,62,785.1708984375
batch64,gns_critical_batch,63,780.5532836914062
batch64,gns_critical_batch,64,826.0087890625
batch64,gns_ema_noise_to_signal,16,0.1663576364517212
batch64,gns_ema_noise_to_signal,17,2.6640236377716064
batch64,gns_ema_noise_to_signal,18,2.700490713119507
batch64,gns_ema_noise_to_signal,19,2.7335002422332764
batch64,gns_ema_noise_to_signal,20,2.7986345291137695
batch64,gns_ema_noise_to_signal,21,2.9156711101531982
batch64,gns_ema_noise_to_signal,22,3.0608386993408203
batch64,gns_ema_noise_to_signal,23,3.2108213901519775
batch64,gns_ema_noise_to_signal,24,3.3941307067871094
batch64,gns_ema_noise_to_signal,25,3.6178674697875977
batch64,gns_ema_noise_to_signal,26,3.871760845184326
batch64,gns_ema_noise_to_signal,27,4.131424427032471
batch64,gns_ema_noise_to_signal,28,4.389913082122803
batch64,gns_ema_noise_to_signal,29,4.652828693389893
batch64,gns_ema_noise_to_signal,30,4.905262470245361
batch64,gns_ema_noise_to_signal,31,5.131389617919922
batch64,gns_ema_noise_to_signal,32,5.319576740264893
batch64,gns_ema_noise_to_signal,33,5.481725692749023
batch64,gns_ema_noise_to_signal,34,5.6311750411987305
batch64,gns_ema_noise_to_signal,35,5.781554698944092
batch64,gns_ema_noise_to_signal,36,5.954169273376465
batch64,gns_ema_noise_to_signal,37,6.123804569244385
batch64,gns_ema_noise_to_signal,38,6.261984825134277
batch64,gns_ema_noise_to_signal,39,6.385169982910156
batch64,gns_ema_noise_to_signal,40,6.49074649810791
batch64,gns_ema_noise_to_signal,41,6.574989318847656
batch64,gns_ema_noise_to_signal,42,6.653181552886963
batch64,gns_ema_noise_to_signal,43,6.734689235687256
batch64,gns_ema_noise_to_signal,44,6.800601482391357
batch64,gns_ema_noise_to_signal,45,6.849015235900879
batch64,gns_ema_noise_to_signal,46,6.898208141326904
batch64,gns_ema_noise_to_signal,47,6.942945957183838
batch64,gns_ema_noise_to_signal,48,7.011016845703125
batch64,gns_ema_noise_to_signal,49,7.048465251922607
batch64,gns_ema_noise_to_signal,50,7.091361999511719
batch64,gns_ema_noise_to_signal,51,7.112311840057373
batch64,gns_ema_noise_to_signal,52,7.079247951507568
batch64,gns_ema_noise_to_signal,53,7.03772497177124
batch64,gns_ema_noise_to_signal,54,6.946127891540527
batch64,gns_ema_noise_to_signal,55,6.850656986236572
batch64,gns_ema_noise_to_signal,56,6.775253772735596
batch64,gns_ema_noise_to_signal,57,6.712188720703125
batch64,gns_ema_noise_to_signal,58,6.648033142089844
batch64,gns_ema_noise_to_signal,59,6.561015605926514
batch64,gns_ema_noise_to_signal,60,6.49019193649292
batch64,gns_ema_noise_to_signal,61,6.462725639343262
batch64,gns_ema_noise_to_signal,62,6.429867744445801
batch64,gns_ema_noise_to_signal,63,6.396688461303711
batch64,gns_ema_noise_to_signal,64,6.402338981628418
batch64,gns_ema_mu,16,0.1663576364517212
batch64,gns_ema_mu,17,2.6640236377716064
batch64,gns_ema_mu,18,2.700490713119507
batch64,gns_ema_mu,19,2.7335002422332764
batch64,gns_ema_mu,20,2.7986345291137695
batch64,gns_ema_mu,21,2.9156711101531982
batch64,gns_ema_mu,22,3.0608386993408203
batch64,gns_ema_mu,23,3.2108213901519775
batch64,gns_ema_mu,24,3.3941307067871094
batch64,gns_ema_mu,25,3.6178674697875977
batch64,gns_ema_mu,26,3.871760845184326
batch64,gns_ema_mu,27,4.131424427032471
batch64,gns_ema_mu,28,4.389913082122803
batch64,gns_ema_mu,29,4.652828693389893
batch64,gns_ema_mu,30,4.905262470245361
batch64,gns_ema_mu,31,5.131389617919922
batch64,gns_ema_mu,32,5.319576740264893
batch64,gns_ema_mu,33,5.481725692749023
batch64,gns_ema_mu,34,5.6311750411987305
batch64,gns_ema_mu,35,5.781554698944092
batch64,gns_ema_mu,36,5.954169273376465
batch64,gns_ema_mu,37,6.123804569244385
batch64,gns_ema_mu,38,6.261984825134277
batch64,gns_ema_mu,39,6.385169982910156
batch64,gns_ema_mu,40,6.49074649810791
batch64,gns_ema_mu,41,6.574989318847656
batch64,gns_ema_mu,42,6.653181552886963
batch64,gns_ema_mu,43,6.734689235687256
batch64,gns_ema_mu,44,6.800601482391357
batch64,gns_ema_mu,45,6.849015235900879
batch64,gns_ema_mu,46,6.898208141326904
batch64,gns_ema_mu,47,6.942945957183838
batch64,gns_ema_mu,48,7.011016845703125
batch64,gns_ema_mu,49,7.048465251922607
batch64,gns_ema_mu,50,7.091361999511719
batch64,gns_ema_mu,51,7.112311840057373
batch64,gns_ema_mu,52,7.079247951507568
batch64,gns_ema_mu,53,7.03772497177124
batch64,gns_ema_mu,54,6.946127891540527
batch64,gns_ema_mu,55,6.850656986236572
batch64,gns_ema_mu,56,6.775253772735596
batch64,gns_ema_mu,57,6.712188720703125
batch64,gns_ema_mu,58,6.648033142089844
batch64,gns_ema_mu,59,6.561015605926514
batch64,gns_ema_mu,60,6.49019193649292
batch64,gns_ema_mu,61,6.462725639343262
batch64,gns_ema_mu,62,6.429867744445801
batch64,gns_ema_mu,63,6.396688461303711
batch64,gns_ema_mu,64,6.402338981628418
batch64,gns_ema_tr_sigma,16,7.037063915049657e-05
batch64,gns_ema_tr_sigma,17,0.001125846873037517
batch64,gns_ema_tr_sigma,18,0.0011244716588407755
batch64,gns_ema_tr_sigma,19,0.0011224591871723533
batch64,gns_ema_tr_sigma,20,0.0011200772132724524
batch64,gns_ema_tr_sigma,21,0.0011154002277180552
batch64,gns_ema_tr_sigma,22,0.0011086240410804749
batch64,gns_ema_tr_sigma,23,0.0011033817427232862
batch64,gns_ema_tr_sigma,24,0.0011049095774069428
batch64,gns_ema_tr_sigma,25,0.0011041060788556933
batch64,gns_ema_tr_sigma,26,0.0011043620761483908
batch64,gns_ema_tr_sigma,27,0.001103788847103715
batch64,gns_ema_tr_sigma,28,0.0011011530878022313
batch64,gns_ema_tr_sigma,29,0.0010986258275806904
batch64,gns_ema_tr_sigma,30,0.0010954277822747827
batch64,gns_ema_tr_sigma,31,0.0010920995846390724
batch64,gns_ema_tr_sigma,32,0.0010891695274040103
batch64,gns_ema_tr_sigma,33,0.0010856923181563616
batch64,gns_ema_tr_sigma,34,0.0010831229155883193
batch64,gns_ema_tr_sigma,35,0.0010802055476233363
batch64,gns_ema_tr_sigma,36,0.0010776547715067863
batch64,gns_ema_tr_sigma,37,0.0010744616156443954
batch64,gns_ema_tr_sigma,38,0.0010711665963754058
batch64,gns_ema_tr_sigma,39,0.0010668684262782335
batch64,gns_ema_tr_sigma,40,0.0010562363313511014
batch64,gns_ema_tr_sigma,41,0.001046247431077063
batch64,gns_ema_tr_sigma,42,0.0010360890300944448
batch64,gns_ema_tr_sigma,43,0.0010266712633892894
batch64,gns_ema_tr_sigma,44,0.0010183191625401378
batch64,gns_ema_tr_sigma,45,0.0010114624164998531
batch64,gns_ema_tr_sigma,46,0.00100462487898767
batch64,gns_ema_tr_sigma,47,0.0009981533512473106
batch64,gns_ema_tr_sigma,48,0.0009916925337165594
batch64,gns_ema_tr_sigma,49,0.0009848750196397305
batch64,gns_ema_tr_sigma,50,0.000978034338913858
batch64,gns_ema_tr_sigma,51,0.0009710104786790907
batch64,gns_ema_tr_sigma,52,0.000963598839007318
batch64,gns_ema_tr_sigma,53,0.0009562391205690801
batch64,gns_ema_tr_sigma,54,0.000949890585616231
batch64,gns_ema_tr_sigma,55,0.000943881634157151
batch64,gns_ema_tr_sigma,56,0.0009400755516253412
batch64,gns_ema_tr_sigma,57,0.0009370630141347647
batch64,gns_ema_tr_sigma,58,0.0009344880818389356
batch64,gns_ema_tr_sigma,59,0.000931129849050194
batch64,gns_ema_tr_sigma,60,0.0009285638807341456
batch64,gns_ema_tr_sigma,61,0.0009258170612156391
batch64,gns_ema_tr_sigma,62,0.0009243600652553141
batch64,gns_ema_tr_sigma,63,0.0009231779840774834
batch64,gns_ema_tr_sigma,64,0.0009228628478012979
batch64,gns_ema_critical_batch,16,21.293777465820312
batch64,gns_ema_critical_batch,17,340.9950256347656
batch64,gns_ema_critical_batch,18,345.6628112792969
batch64,gns_ema_critical_batch,19,349.8880310058594
batch64,gns_ema_critical_batch,20,358.2252197265625
batch64,gns_ema_critical_batch,21,373.2059020996094
batch64,gns_ema_critical_batch,22,391.787353515625
batch64,gns_ema_critical_batch,23,410.9851379394531
batch64,gns_ema_critical_batch,24,434.44873046875
batch64,gns_ema_critical_batch,25,463.0870361328125
batch64,gns_ema_critical_batch,26,495.58538818359375
batch64,gns_ema_critical_batch,27,528.8223266601562
batch64,gns_ema_critical_batch,28,561.9088745117188
batch64,gns_ema_critical_batch,29,595.5620727539062
batch64,gns_ema_critical_batch,30,627.8735961914062
batch64,gns_ema_critical_batch,31,656.81787109375
batch64,gns_ema_critical_batch,32,680.9058227539062
batch64,gns_ema_critical_batch,33,701.660888671875
batch64,gns_ema_critical_batch,34,720.7904052734375
batch64,gns_ema_critical_batch,35,740.0390014648438
batch64,gns_ema_critical_batch,36,762.1336669921875
batch64,gns_ema_critical_batch,37,783.8469848632812
batch64,gns_ema_critical_batch,38,801.5340576171875
batch64,gns_ema_critical_batch,39,817.3017578125
batch64,gns_ema_critical_batch,40,830.8155517578125
batch64,gns_ema_critical_batch,41,841.5986328125
batch64,gns_ema_critical_batch,42,851.6072387695312
batch64,gns_ema_critical_batch,43,862.0402221679688
batch64,gns_ema_critical_batch,44,870.4769897460938
batch64,gns_ema_critical_batch,45,876.6739501953125
batch64,gns_ema_critical_batch,46,882.9706420898438
batch64,gns_ema_critical_batch,47,888.6970825195312
batch64,gns_ema_critical_batch,48,897.41015625
batch64,gns_ema_critical_batch,49,902.2035522460938
batch64,gns_ema_critical_batch,50,907.6943359375
batch64,gns_ema_critical_batch,51,910.3759155273438
batch64,gns_ema_critical_batch,52,906.1437377929688
batch64,gns_ema_critical_batch,53,900.8287963867188
batch64,gns_ema_critical_batch,54,889.1043701171875
batch64,gns_ema_critical_batch,55,876.8840942382812
batch64,gns_ema_critical_batch,56,867.2324829101562
batch64,gns_ema_critical_batch,57,859.16015625
batch64,gns_ema_critical_batch,58,850.9482421875
batch64,gns_ema_critical_batch,59,839.8099975585938
batch64,gns_ema_critical_batch,60,830.7445678710938
batch64,gns_ema_critical_batch,61,827.2288818359375
batch64,gns_ema_critical_batch,62,823.0230712890625
batch64,gns_ema_critical_batch,63,818.776123046875
batch64,gns_ema_critical_batch,64,819.4993896484375
batch64,gns_window_size,16,1.0
batch64,gns_window_size,17,16.0
batch64,gns_window_size,18,16.0
batch64,gns_window_size,19,16.0
batch64,gns_window_size,20,16.0
batch64,gns_window_size,21,16.0
batch64,gns_window_size,22,16.0
batch64,gns_window_size,23,16.0
batch64,gns_window_size,24,16.0
batch64,gns_window_size,25,16.0
batch64,gns_window_size,26,16.0
batch64,gns_window_size,27,16.0
batch64,gns_window_size,28,16.0
batch64,gns_window_size,29,16.0
batch64,gns_window_size,30,16.0
batch64,gns_window_size,31,16.0
batch64,gns_window_size,32,16.0
batch64,gns_window_size,33,16.0
batch64,gns_window_size,34,16.0
batch64,gns_window_size,35,16.0
batch64,gns_window_size,36,16.0
batch64,gns_window_size,37,16.0
batch64,gns_window_size,38,16.0
batch64,gns_window_size,39,16.0
batch64,gns_window_size,40,16.0
batch64,gns_window_size,41,16.0
batch64,gns_window_size,42,16.0
batch64,gns_window_size,43,16.0
batch64,gns_window_size,44,16.0
batch64,gns_window_size,45,16.0
batch64,gns_window_size,46,16.0
batch64,gns_window_size,47,16.0
batch64,gns_window_size,48,16.0
batch64,gns_window_size,49,16.0
batch64,gns_window_size,50,16.0
batch64,gns_window_size,51,16.0
batch64,gns_window_size,52,16.0
batch64,gns_window_size,53,16.0
batch64,gns_window_size,54,16.0
batch64,gns_window_size,55,16.0
batch64,gns_window_size,56,16.0
batch64,gns_window_size,57,16.0
batch64,gns_window_size,58,16.0
batch64,gns_window_size,59,16.0
batch64,gns_window_size,60,16.0
batch64,gns_window_size,61,16.0
batch64,gns_window_size,62,16.0
batch64,gns_window_size,63,16.0
batch64,gns_window_size,64,16.0
batch64,loss,1,4.353356416686438e-05
batch64,loss,2,8.65480542415753e-05
batch64,loss,3,-0.0003701395180542022
batch64,loss,4,-0.000521518406458199
batch64,loss,5,0.00014998935512267053
batch64,loss,6,-0.00022643734700977802
batch64,loss,7,0.00010506949911359698
batch64,loss,8,0.00017978137475438416
batch64,loss,9,0.00018014799570664763
batch64,loss,10,-7.652849308215082e-05
batch64,loss,11,0.00032448701676912606
batch64,loss,12,3.657933120848611e-05
batch64,loss,13,-0.0002556943509262055
batch64,loss,14,0.00012738075747620314
batch64,loss,15,-0.000571953714825213
batch64,loss,16,0.00026386944227851927
batch64,loss,17,0.0005859936936758459
batch64,loss,18,0.0002852766774594784
batch64,loss,19,6.68802676955238e-05
batch64,loss,20,0.0007532323361374438
batch64,loss,21,7.662904681637883e-05
batch64,loss,22,0.00027043226873502135
batch64,loss,23,0.000332451774738729
batch64,loss,24,-0.00011991478822892532
batch64,loss,25,0.000279072904959321
batch64,loss,26,-0.0003216989280190319
batch64,loss,27,-3.972323247580789e-05
batch64,loss,28,9.175109153147787e-05
batch64,loss,29,0.00023504938872065395
batch64,loss,30,1.7184745956910774e-05
batch64,loss,31,0.0002728120016399771
batch64,loss,32,0.0003571007400751114
batch64,loss,33,2.2471325792139396e-05
batch64,loss,34,-0.00020183440938126296
batch64,loss,35,0.00026590347988530993
batch64,loss,36,0.0003114545834250748
batch64,loss,37,0.00010406809451524168
batch64,loss,38,0.00020758529717568308
batch64,loss,39,0.000423320394475013
batch64,loss,40,0.00024793241755105555
batch64,loss,41,-3.7894045817665756e-05
batch64,loss,42,-1.9936984244850464e-05
batch64,loss,43,0.00025909047690220177
batch64,loss,44,0.00020538497483357787
batch64,loss,45,0.00023076588695403188
batch64,loss,46,-0.0001639254915062338
batch64,loss,47,-0.00028659269446507096
batch64,loss,48,0.00011266291403444484
batch64,loss,49,0.0002028079325100407
batch64,loss,50,4.148013977101073e-05
batch64,loss,51,0.00040856056148186326
batch64,loss,52,-9.659180796006694e-05
batch64,loss,53,0.00019583750690799206
batch64,loss,54,-0.0003068783553317189
batch64,loss,55,0.00017563134315423667
batch64,loss,56,0.00033365978742949665
batch64,loss,57,0.0005689217941835523
batch64,loss,58,0.00013560902152676135
batch64,loss,59,4.271936631994322e-05
batch64,loss,60,0.00045988973579369485
batch64,loss,61,6.0178208514116704e-05
batch64,loss,62,-9.776624210644513e-05
batch64,loss,63,6.305778515525162e-05
batch64,loss,64,0.00013632714399136603
batch64,kl,1,0.11538221687078476
batch64,kl,2,0.11137831956148148
batch64,kl,3,0.11918984353542328
batch64,kl,4,0.11529286950826645
batch64,kl,5,0.11338276416063309
batch64,kl,6,0.11437132954597473
batch64,kl,7,0.11639339476823807
batch64,kl,8,0.11172579228878021
batch64,kl,9,0.11450523883104324
batch64,kl,10,0.11511839181184769
batch64,kl,11,0.10856998711824417
batch64,kl,12,0.1083928644657135
batch64,kl,13,0.11380867660045624
batch64,kl,14,0.11632122099399567
batch64,kl,15,0.10954473912715912
batch64,kl,16,0.12079168111085892
batch64,kl,17,0.12778446078300476
batch64,kl,18,0.11941973119974136
batch64,kl,19,0.12698471546173096
batch64,kl,20,0.1270800530910492
batch64,kl,21,0.12199068069458008
batch64,kl,22,0.12285695225000381
batch64,kl,23,0.12206628173589706
batch64,kl,24,0.12080603092908859
batch64,kl,25,0.12831024825572968
batch64,kl,26,0.11876507103443146
batch64,kl,27,0.12130244076251984
batch64,kl,28,0.1285543441772461
batch64,kl,29,0.12901663780212402
batch64,kl,30,0.11845332384109497
batch64,kl,31,0.12388814240694046
batch64,kl,32,0.11999423801898956
batch64,kl,33,0.12824000418186188
batch64,kl,34,0.12622728943824768
batch64,kl,35,0.12832775712013245
batch64,kl,36,0.12351253628730774
batch64,kl,37,0.12670181691646576
batch64,kl,38,0.12260317802429199
batch64,kl,39,0.12356109172105789
batch64,kl,40,0.12490985542535782
batch64,kl,41,0.12421669811010361
batch64,kl,42,0.13125480711460114
batch64,kl,43,0.11999298632144928
batch64,kl,44,0.13120576739311218
batch64,kl,45,0.1257406622171402
batch64,kl,46,0.11958858370780945
batch64,kl,47,0.11742804944515228
batch64,kl,48,0.1145511269569397
batch64,kl,49,0.11162610352039337
batch64,kl,50,0.12058161944150925
batch64,kl,51,0.12066734582185745
batch64,kl,52,0.13078270852565765
batch64,kl,53,0.12685157358646393
batch64,kl,54,0.11515514552593231
batch64,kl,55,0.11819089949131012
batch64,kl,56,0.12202338874340057
batch64,kl,57,0.123858243227005
batch64,kl,58,0.12339311838150024
batch64,kl,59,0.12607808411121368
batch64,kl,60,0.11429834365844727
batch64,kl,61,0.12942947447299957
batch64,kl,62,0.1319921314716339
batch64,kl,63,0.11846374720335007
batch64,kl,64,0.12072467058897018
batch64,entropy,1,0.2743109166622162
batch64,entropy,2,0.26582491397857666
batch64,entropy,3,0.2904129922389984
batch64,entropy,4,0.274654358625412
batch64,entropy,5,0.2673308551311493
batch64,entropy,6,0.2789747714996338
batch64,entropy,7,0.27897587418556213
batch64,entropy,8,0.2723535895347595
batch64,entropy,9,0.27380380034446716
batch64,entropy,10,0.26400333642959595
batch64,entropy,11,0.25990453362464905
batch64,entropy,12,0.2621329426765442
batch64,entropy,13,0.2759653329849243
batch64,entropy,14,0.26758211851119995
batch64,entropy,15,0.27377182245254517
batch64,entropy,16,0.25898462533950806
batch64,entropy,17,0.29192832112312317
batch64,entropy,18,0.2680988013744354
batch64,entropy,19,0.271467000246048
batch64,entropy,20,0.26253244280815125
batch64,entropy,21,0.25166451930999756
batch64,entropy,22,0.25909504294395447
batch64,entropy,23,0.25733861327171326
batch64,entropy,24,0.2614169716835022
batch64,entropy,25,0.2742122411727905
batch64,entropy,26,0.2486729770898819
batch64,entropy,27,0.26240867376327515
batch64,entropy,28,0.2798846662044525
batch64,entropy,29,0.2745327353477478
batch64,entropy,30,0.24027085304260254
batch64,entropy,31,0.25577282905578613
batch64,entropy,32,0.24395647644996643
batch64,entropy,33,0.27294740080833435
batch64,entropy,34,0.2622583210468292
batch64,entropy,35,0.26238682866096497
batch64,entropy,36,0.24457776546478271
batch64,entropy,37,0.2577504515647888
batch64,entropy,38,0.25529173016548157
batch64,entropy,39,0.2640690505504608
batch64,entropy,40,0.26424387097358704
batch64,entropy,41,0.26568397879600525
batch64,entropy,42,0.2676759362220764
batch64,entropy,43,0.2671753764152527
batch64,entropy,44,0.26584428548812866
batch64,entropy,45,0.25532621145248413
batch64,entropy,46,0.262294203042984
batch64,entropy,47,0.23945613205432892
batch64,entropy,48,0.2334822118282318
batch64,entropy,49,0.255323201417923
batch64,entropy,50,0.2593338191509247
batch64,entropy,51,0.26194748282432556
batch64,entropy,52,0.2645021975040436
batch64,entropy,53,0.26451799273490906
batch64,entropy,54,0.24794086813926697
batch64,entropy,55,0.2553302049636841
batch64,entropy,56,0.2515936493873596
batch64,entropy,57,0.26124703884124756
batch64,entropy,58,0.25606805086135864
batch64,entropy,59,0.25569620728492737
batch64,entropy,60,0.25383448600769043
batch64,entropy,61,0.2588026225566864
batch64,entropy,62,0.27126380801200867
batch64,entropy,63,0.23103781044483185
batch64,entropy,64,0.2629815936088562
batch128,gns_noise_to_signal,16,0.210535928606987
batch128,gns_noise_to_signal,17,3.3823306560516357
batch128,gns_noise_to_signal,18,3.6006863117218018
batch128,gns_noise_to_signal,19,3.769094228744507
batch128,gns_noise_to_signal,20,3.5924108028411865
batch128,gns_noise_to_signal,21,3.6348209381103516
batch128,gns_noise_to_signal,22,3.9634482860565186
batch128,gns_noise_to_signal,23,4.1702423095703125
batch128,gns_noise_to_signal,24,4.6750359535217285
batch128,gns_noise_to_signal,25,5.337302207946777
batch128,gns_noise_to_signal,26,5.921825408935547
batch128,gns_noise_to_signal,27,6.552116870880127
batch128,gns_noise_to_signal,28,6.995563507080078
batch128,gns_noise_to_signal,29,7.35951042175293
batch128,gns_noise_to_signal,30,7.462142467498779
batch128,gns_noise_to_signal,31,8.103516578674316
batch128,gns_noise_to_signal,32,8.516819953918457
batch128,gns_noise_to_signal,33,8.801020622253418
batch128,gns_noise_to_signal,34,8.928143501281738
batch128,gns_noise_to_signal,35,9.456061363220215
batch128,gns_noise_to_signal,36,9.921870231628418
batch128,gns_noise_to_signal,37,9.816692352294922
batch128,gns_noise_to_signal,38,9.523900985717773
batch128,gns_noise_to_signal,39,9.596467018127441
batch128,gns_noise_to_signal,40,9.642983436584473
batch128,gns_noise_to_signal,41,9.367079734802246
batch128,gns_noise_to_signal,42,9.617497444152832
batch128,gns_noise_to_signal,43,9.510980606079102
batch128,gns_noise_to_signal,44,9.282804489135742
batch128,gns_noise_to_signal,45,9.191405296325684
batch128,gns_noise_to_signal,46,8.614577293395996
batch128,gns_noise_to_signal,47,8.446610450744629
batch128,gns_noise_to_signal,48,8.61103343963623
batch128,gns_noise_to_signal,49,8.225016593933105
batch128,gns_noise_to_signal,50,8.54747200012207
batch128,gns_noise_to_signal,51,8.756216049194336
batch128,gns_noise_to_signal,52,8.945717811584473
batch128,gns_noise_to_signal,53,8.830126762390137
batch128,gns_noise_to_signal,54,8.9208984375
batch128,gns_noise_to_signal,55,9.571562767028809
batch128,gns_noise_to_signal,56,9.43415641784668
batch128,gns_noise_to_signal,57,9.557365417480469
batch128,gns_noise_to_signal,58,9.921409606933594
batch128,gns_noise_to_signal,59,10.391054153442383
batch128,gns_noise_to_signal,60,10.336669921875
batch128,gns_noise_to_signal,61,10.606178283691406
batch128,gns_noise_to_signal,62,10.477325439453125
batch128,gns_noise_to_signal,63,10.25985336303711
batch128,gns_noise_to_signal,64,10.36587905883789
batch128,gns_mu,16,0.210535928606987
batch128,gns_mu,17,3.3823306560516357
batch128,gns_mu,18,3.6006863117218018
batch128,gns_mu,19,3.769094228744507
batch128,gns_mu,20,3.5924108028411865
batch128,gns_mu,21,3.6348209381103516
batch128,gns_mu,22,3.9634482860565186
batch128,gns_mu,23,4.1702423095703125
batch128,gns_mu,24,4.6750359535217285
batch128,gns_mu,25,5.337302207946777
batch128,gns_mu,26,5.921825408935547
batch128,gns_mu,27,6.552116870880127
batch128,gns_mu,28,6.995563507080078
batch128,gns_mu,29,7.35951042175293
batch128,gns_mu,30,7.462142467498779
batch128,gns_mu,31,8.103516578674316
batch128,gns_mu,32,8.516819953918457
batch128,gns_mu,33,8.801020622253418
batch128,gns_mu,34,8.928143501281738
batch128,gns_mu,35,9.456061363220215
batch128,gns_mu,36,9.921870231628418
batch128,gns_mu,37,9.816692352294922
batch128,gns_mu,38,9.523900985717773
batch128,gns_mu,39,9.596467018127441
batch128,gns_mu,40,9.642983436584473
batch128,gns_mu,41,9.367079734802246
batch128,gns_mu,42,9.617497444152832
batch128,gns_mu,43,9.510980606079102
batch128,gns_mu,44,9.282804489135742
batch128,gns_mu,45,9.191405296325684
batch128,gns_mu,46,8.614577293395996
batch128,gns_mu,47,8.446610450744629
batch128,gns_mu,48,8.61103343963623
batch128,gns_mu,49,8.225016593933105
batch128,gns_mu,50,8.54747200012207
batch128,gns_mu,51,8.756216049194336
batch128,gns_mu,52,8.945717811584473
batch128,gns_mu,53,8.830126762390137
batch128,gns_mu,54,8.9208984375
batch128,gns_mu,55,9.571562767028809
batch128,gns_mu,56,9.43415641784668
batch128,gns_mu,57,9.557365417480469
batch128,gns_mu,58,9.921409606933594
batch128,gns_mu,59,10.391054153442383
batch128,gns_mu,60,10.336669921875
batch128,gns_mu,61,10.606178283691406
batch128,gns_mu,62,10.477325439453125
batch128,gns_mu,63,10.25985336303711
batch128,gns_mu,64,10.36587905883789
batch128,gns_tr_sigma,16,0.00012900821457151324
batch128,gns_tr_sigma,17,0.0020640173461288214
batch128,gns_tr_sigma,18,0.0020621137227863073
batch128,gns_tr_sigma,19,0.0020590086933225393
batch128,gns_tr_sigma,20,0.0020575758535414934
batch128,gns_tr_sigma,21,0.0020887914579361677
batch128,gns_tr_sigma,22,0.0021024898160248995
batch128,gns_tr_sigma,23,0.002102318685501814
batch128,gns_tr_sigma,24,0.0021146999206393957
batch128,gns_tr_sigma,25,0.0021160899195820093
batch128,gns_tr_sigma,26,0.0021462333388626575
batch128,gns_tr_sigma,27,0.002141383243724704
batch128,gns_tr_sigma,28,0.0021211127750575542
batch128,gns_tr_sigma,29,0.0021328481379896402
batch128,gns_tr_sigma,30,0.0021504813339561224
batch128,gns_tr_sigma,31,0.002079606521874666
batch128,gns_tr_sigma,32,0.0020038983784615993
batch128,gns_tr_sigma,33,0.001927766134031117
batch128,gns_tr_sigma,34,0.0018958933651447296
batch128,gns_tr_sigma,35,0.0019028426613658667
batch128,gns_tr_sigma,36,0.0018325290875509381
batch128,gns_tr_sigma,37,0.001768878661096096
batch128,gns_tr_sigma,38,0.0017421256052330136
batch128,gns_tr_sigma,39,0.0017665255581960082
batch128,gns_tr_sigma,40,0.0017575750825926661
batch128,gns_tr_sigma,41,0.0017831894801929593
batch128,gns_tr_sigma,42,0.0017812163569033146
batch128,gns_tr_sigma,43,0.0018006714526563883
batch128,gns_tr_sigma,44,0.0017856849590316415
batch128,gns_tr_sigma,45,0.0018029964994639158
batch128,gns_tr_sigma,46,0.0017884523840621114
batch128,gns_tr_sigma,47,0.0018063029274344444
batch128,gns_tr_sigma,48,0.0018035469111055136
batch128,gns_tr_sigma,49,0.0017972465138882399
batch128,gns_tr_sigma,50,0.0018195788143202662
batch128,gns_tr_sigma,51,0.0018460483988747
batch128,gns_tr_sigma,52,0.0018511347007006407
batch128,gns_tr_sigma,53,0.001881504082120955
batch128,gns_tr_sigma,54,0.0019107246771454811
batch128,gns_tr_sigma,55,0.0019179008668288589
batch128,gns_tr_sigma,56,0.0018975965213030577
batch128,gns_tr_sigma,57,0.0018806627485901117
batch128,gns_tr_sigma,58,0.0018882312579080462
batch128,gns_tr_sigma,59,0.0018806010484695435
batch128,gns_tr_sigma,60,0.0018974186386913061
batch128,gns_tr_sigma,61,0.0018813577480614185
batch128,gns_tr_sigma,62,0.001880389521829784
batch128,gns_tr_sigma,63,0.0018678329652175307
batch128,gns_tr_sigma,64,0.0018952289829030633
batch128,gns_critical_batch,16,13.474299430847168
batch128,gns_critical_batch,17,216.4691619873047
batch128,gns_critical_batch,18,230.4439239501953
batch128,gns_critical_batch,19,241.22203063964844
batch128,gns_critical_batch,20,229.91429138183594
batch128,gns_critical_batch,21,232.6285400390625
batch128,gns_critical_batch,22,253.6606903076172
batch128,gns_critical_batch,23,266.8955078125
batch128,gns_critical_batch,24,299.2023010253906
batch128,gns_critical_batch,25,341.58734130859375
batch128,gns_critical_batch,26,378.996826171875
batch128,gns_critical_batch,27,419.3354797363281
batch128,gns_critical_batch,28,447.716064453125
batch128,gns_critical_batch,29,471.0086669921875
batch128,gns_critical_batch,30,477.5771179199219
batch128,gns_critical_batch,31,518.6250610351562
batch128,gns_critical_batch,32,545.0764770507812
batch128,gns_critical_batch,33,563.2653198242188
batch128,gns_critical_batch,34,571.4011840820312
batch128,gns_critical_batch,35,605.1879272460938
batch128,gns_critical_batch,36,634.9996948242188
batch128,gns_critical_batch,37,628.268310546875
batch128,gns_critical_batch,38,609.5296630859375
batch128,gns_critical_batch,39,614.1738891601562
batch128,gns_critical_batch,40,617.1509399414062
batch128,gns_critical_batch,41,599.4931030273438
batch128,gns_critical_batch,42,615.5198364257812
batch128,gns_critical_batch,43,608.7027587890625
batch128,gns_critical_batch,44,594.0994873046875
batch128,gns_critical_batch,45,588.2499389648438
batch128,gns_critical_batch,46,551.3329467773438
batch128,gns_critical_batch,47,540.5830688476562
batch128,gns_critical_batch,48,551.1061401367188
batch128,gns_critical_batch,49,526.4010620117188
batch128,gns_critical_batch,50,547.0382080078125
batch128,gns_critical_batch,51,560.3978271484375
batch128,gns_critical_batch,52,572.5259399414062
batch128,gns_critical_batch,53,565.1281127929688
batch128,gns_critical_batch,54,570.9375
batch128,gns_critical_batch,55,612.5800170898438
batch128,gns_critical_batch,56,603.7860107421875
batch128,gns_critical_batch,57,611.67138671875
batch128,gns_critical_batch,58,634.97021484375
batch128,gns_critical_batch,59,665.0274658203125
batch128,gns_critical_batch,60,661.546875
batch128,gns_critical_batch,61,678.79541015625
batch128,gns_critical_batch,62,670.548828125
batch128,gns_critical_batch,63,656.630615234375
batch128,gns_critical_batch,64,663.416259765625
batch128,gns_ema_noise_to_signal,16,0.210535928606987
batch128,gns_ema_noise_to_signal,17,3.369950532913208
batch128,gns_ema_noise_to_signal,18,3.39302396774292
batch128,gns_ema_noise_to_signal,19,3.430631160736084
batch128,gns_ema_noise_to_signal,20,3.4468090534210205
batch128,gns_ema_noise_to_signal,21,3.4656102657318115
batch128,gns_ema_noise_to_signal,22,3.5153939723968506
batch128,gns_ema_noise_to_signal,23,3.580878973007202
batch128,gns_ema_noise_to_signal,24,3.6902945041656494
batch128,gns_ema_noise_to_signal,25,3.8549952507019043
batch128,gns_ema_noise_to_signal,26,4.061678409576416
batch128,gns_ema_noise_to_signal,27,4.310722351074219
batch128,gns_ema_noise_to_signal,28,4.579206466674805
batch128,gns_ema_noise_to_signal,29,4.857236862182617
batch128,gns_ema_noise_to_signal,30,5.117727279663086
batch128,gns_ema_noise_to_signal,31,5.416306018829346
batch128,gns_ema_noise_to_signal,32,5.726357460021973
batch128,gns_ema_noise_to_signal,33,6.0338239669799805
batch128,gns_ema_noise_to_signal,34,6.323256015777588
batch128,gns_ema_noise_to_signal,35,6.636536598205566
batch128,gns_ema_noise_to_signal,36,6.965069770812988
batch128,gns_ema_noise_to_signal,37,7.250232219696045
batch128,gns_ema_noise_to_signal,38,7.477599143981934
batch128,gns_ema_noise_to_signal,39,7.689486026763916
batch128,gns_ema_noise_to_signal,40,7.884835720062256
batch128,gns_ema_noise_to_signal,41,8.033060073852539
batch128,gns_ema_noise_to_signal,42,8.191503524780273
batch128,gns_ema_noise_to_signal,43,8.323451042175293
batch128,gns_ema_noise_to_signal,44,8.419386863708496
batch128,gns_ema_noise_to_signal,45,8.496588706970215
batch128,gns_ema_noise_to_signal,46,8.508387565612793
batch128,gns_ema_noise_to_signal,47,8.502209663391113
batch128,gns_ema_noise_to_signal,48,8.513092041015625
batch128,gns_ema_noise_to_signal,49,8.484284400939941
batch128,gns_ema_noise_to_signal,50,8.49060344696045
batch128,gns_ema_noise_to_signal,51,8.51716423034668
batch128,gns_ema_noise_to_signal,52,8.560019493103027
batch128,gns_ema_noise_to_signal,53,8.587030410766602
batch128,gns_ema_noise_to_signal,54,8.620417594909668
batch128,gns_ema_noise_to_signal,55,8.715532302856445
batch128,gns_ema_noise_to_signal,56,8.787394523620605
batch128,gns_ema_noise_to_signal,57,8.864391326904297
batch128,gns_ema_noise_to_signal,58,8.970093727111816
batch128,gns_ema_noise_to_signal,59,9.112189292907715
batch128,gns_ema_noise_to_signal,60,9.234637260437012
batch128,gns_ema_noise_to_signal,61,9.37179183959961
batch128,gns_ema_noise_to_signal,62,9.482344627380371
batch128,gns_ema_noise_to_signal,63,9.56009578704834
batch128,gns_ema_noise_to_signal,64,9.640674591064453
batch128,gns_ema_mu,16,0.210535928606987
batch128,gns_ema_mu,17,3.369950532913208
batch128,gns_ema_mu,18,3.39302396774292
batch128,gns_ema_mu,19,3.430631160736084
batch128,gns_ema_mu,20,3.4468090534210205
batch128,gns_ema_mu,21,3.4656102657318115
batch128,gns_ema_mu,22,3.5153939723968506
batch128,gns_ema_mu,23,3.580878973007202
batch128,gns_ema_mu,24,3.6902945041656494
batch128,gns_ema_mu,25,3.8549952507019043
batch128,gns_ema_mu,26,4.061678409576416
batch128,gns_ema_mu,27,4.310722351074219
batch128,gns_ema_mu,28,4.579206466674805
batch128,gns_ema_mu,29,4.857236862182617
batch128,gns_ema_mu,30,5.117727279663086
batch128,gns_ema_mu,31,5.416306018829346
batch128,gns_ema_mu,32,5.726357460021973
batch128,gns_ema_mu,33,6.0338239669799805
batch128,gns_ema_mu,34,6.323256015777588
batch128,gns_ema_mu,35,6.636536598205566
batch128,gns_ema_mu,36,6.965069770812988
batch128,gns_ema_mu,37,7.250232219696045
batch128,gns_ema_mu,38,7.477599143981934
batch128,gns_ema_mu,39,7.689486026763916
batch128,gns_ema_mu,40,7.884835720062256
batch128,gns_ema_mu,41,8.033060073852539
batch128,gns_ema_mu,42,8.191503524780273
batch128,gns_ema_mu,43,8.323451042175293
batch128,gns_ema_mu,44,8.419386863708496
batch128,gns_ema_mu,45,8.496588706970215
batch128,gns_ema_mu,46,8.508387565612793
batch128,gns_ema_mu,47,8.502209663391113
batch128,gns_ema_mu,48,8.513092041015625
batch128,gns_ema_mu,49,8.484284400939941
batch128,gns_ema_mu,50,8.49060344696045
batch128,gns_ema_mu,51,8.51716423034668
batch128,gns_ema_mu,52,8.560019493103027
batch128,gns_ema_mu,53,8.587030410766602
batch128,gns_ema_mu,54,8.620417594909668
batch128,gns_ema_mu,55,8.715532302856445
batch128,gns_ema_mu,56,8.787394523620605
batch128,gns_ema_mu,57,8.864391326904297
batch128,gns_ema_mu,58,8.970093727111816
batch128,gns_ema_mu,59,9.112189292907715
batch128,gns_ema_mu,60,9.234637260437012
batch128,gns_ema_mu,61,9.37179183959961
batch128,gns_ema_mu,62,9.482344627380371
batch128,gns_ema_mu,63,9.56009578704834
batch128,gns_ema_mu,64,9.640674591064453
batch128,gns_ema_tr_sigma,16,0.00012900821457151324
batch128,gns_ema_tr_sigma,17,0.0020641200244426727
batch128,gns_ema_tr_sigma,18,0.002063919324427843
batch128,gns_ema_tr_sigma,19,0.002063428284600377
batch128,gns_ema_tr_sigma,20,0.0020628429483622313
batch128,gns_ema_tr_sigma,21,0.0020654378458857536
batch128,gns_ema_tr_sigma,22,0.0020691431127488613
batch128,gns_ema_tr_sigma,23,0.0020724607165902853
batch128,gns_ema_tr_sigma,24,0.00207668449729681
batch128,gns_ema_tr_sigma,25,0.002080625155940652
batch128,gns_ema_tr_sigma,26,0.0020871858578175306
batch128,gns_ema_tr_sigma,27,0.0020926056895405054
batch128,gns_ema_tr_sigma,28,0.0020954564679414034
batch128,gns_ema_tr_sigma,29,0.002099195495247841
batch128,gns_ema_tr_sigma,30,0.0021043240558356047
batch128,gns_ema_tr_sigma,31,0.002101852325722575
batch128,gns_ema_tr_sigma,32,0.0020920569077134132
batch128,gns_ema_tr_sigma,33,0.002075627911835909
batch128,gns_ema_tr_sigma,34,0.0020576543174684048
batch128,gns_ema_tr_sigma,35,0.0020421731751412153
batch128,gns_ema_tr_sigma,36,0.0020212088711559772
batch128,gns_ema_tr_sigma,37,0.001995975850149989
batch128,gns_ema_tr_sigma,38,0.001970590790733695
batch128,gns_ema_tr_sigma,39,0.0019501842325553298
batch128,gns_ema_tr_sigma,40,0.0019309233175590634
batch128,gns_ema_tr_sigma,41,0.0019161499803885818
batch128,gns_ema_tr_sigma,42,0.0019026566296815872
batch128,gns_ema_tr_sigma,43,0.0018924580654129386
batch128,gns_ema_tr_sigma,44,0.0018817808013409376
batch128,gns_ema_tr_sigma,45,0.0018739023944362998
batch128,gns_ema_tr_sigma,46,0.001865357393398881
batch128,gns_ema_tr_sigma,47,0.0018594518769532442
batch128,gns_ema_tr_sigma,48,0.0018538613803684711
batch128,gns_ema_tr_sigma,49,0.0018481999868527055
batch128,gns_ema_tr_sigma,50,0.0018453377997502685
batch128,gns_ema_tr_sigma,51,0.0018454089295119047
batch128,gns_ema_tr_sigma,52,0.0018459814600646496
batch128,gns_ema_tr_sigma,53,0.0018495337571948767
batch128,gns_ema_tr_sigma,54,0.001855652779340744
batch128,gns_ema_tr_sigma,55,0.001861877623014152
batch128,gns_ema_tr_sigma,56,0.001865449477918446
batch128,gns_ema_tr_sigma,57,0.0018669707933440804
batch128,gns_ema_tr_sigma,58,0.0018690968863666058
batch128,gns_ema_tr_sigma,59,0.0018702473025768995
batch128,gns_ema_tr_sigma,60,0.0018729644361883402
batch128,gns_ema_tr_sigma,61,0.0018738037906587124
batch128,gns_ema_tr_sigma,62,0.0018744623521342874
batch128,gns_ema_tr_sigma,63,0.001873799366876483
batch128,gns_ema_tr_sigma,64,0.0018759423401206732
batch128,gns_ema_critical_batch,16,13.474299430847168
batch128,gns_ema_critical_batch,17,215.6768341064453
batch128,gns_ema_critical_batch,18,217.15353393554688
batch128,gns_ema_critical_batch,19,219.56039428710938
batch128,gns_ema_critical_batch,20,220.5957794189453
batch128,gns_ema_critical_batch,21,221.79905700683594
batch128,gns_ema_critical_batch,22,224.98521423339844
batch128,gns_ema_critical_batch,23,229.17625427246094
batch128,gns_ema_critical_batch,24,236.17884826660156
batch128,gns_ema_critical_batch,25,246.71969604492188
batch128,gns_ema_critical_batch,26,259.9474182128906
batch128,gns_ema_critical_batch,27,275.88623046875
batch128,gns_ema_critical_batch,28,293.0692138671875
batch128,gns_ema_critical_batch,29,310.8631591796875
batch128,gns_ema_critical_batch,30,327.5345458984375
batch128,gns_ema_critical_batch,31,346.6435852050781
batch128,gns_ema_critical_batch,32,366.48687744140625
batch128,gns_ema_critical_batch,33,386.16473388671875
batch128,gns_ema_critical_batch,34,404.6883850097656
batch128,gns_ema_critical_batch,35,424.73834228515625
batch128,gns_ema_critical_batch,36,445.76446533203125
batch128,gns_ema_critical_batch,37,464.0148620605469
batch128,gns_ema_critical_batch,38,478.56634521484375
batch128,gns_ema_critical_batch,39,492.1271057128906
batch128,gns_ema_critical_batch,40,504.6294860839844
batch128,gns_ema_critical_batch,41,514.1158447265625
batch128,gns_ema_critical_batch,42,524.2562255859375
batch128,gns_ema_critical_batch,43,532.7008666992188
batch128,gns_ema_critical_batch,44,538.8407592773438
batch128,gns_ema_critical_batch,45,543.7816772460938
batch128,gns_ema_critical_batch,46,544.5368041992188
batch128,gns_ema_critical_batch,47,544.1414184570312
batch128,gns_ema_critical_batch,48,544.837890625
batch128,gns_ema_critical_batch,49,542.9942016601562
batch128,gns_ema_critical_batch,50,543.3986206054688
batch128,gns_ema_critical_batch,51,545.0985107421875
batch128,gns_ema_critical_batch,52,547.8412475585938
batch128,gns_ema_critical_batch,53,549.5699462890625
batch128,gns_ema_critical_batch,54,551.7067260742188
batch128,gns_ema_critical_batch,55,557.7940673828125
batch128,gns_ema_critical_batch,56,562.3932495117188
batch128,gns_ema_critical_batch,57,567.321044921875
batch128,gns_ema_critical_batch,58,574.0859985351562
batch128,gns_ema_critical_batch,59,583.1801147460938
batch128,gns_ema_critical_batch,60,591.0167846679688
batch128,gns_ema_critical_batch,61,599.794677734375
batch128,gns_ema_critical_batch,62,606.8700561523438
batch128,gns_ema_critical_batch,63,611.8461303710938
batch128,gns_ema_critical_batch,64,617.003173828125
batch128,gns_window_size,16,1.0
batch128,gns_window_size,17,16.0
batch128,gns_window_size,18,16.0
batch128,gns_window_size,19,16.0
batch128,gns_window_size,20,16.0
batch128,gns_window_size,21,16.0
batch128,gns_window_size,22,16.0
batch128,gns_window_size,23,16.0
batch128,gns_window_size,24,16.0
batch128,gns_window_size,25,16.0
batch128,gns_window_size,26,16.0
batch128,gns_window_size,27,16.0
batch128,gns_window_size,28,16.0
batch128,gns_window_size,29,16.0
batch128,gns_window_size,30,16.0
batch128,gns_window_size,31,16.0
batch128,gns_window_size,32,16.0
batch128,gns_window_size,33,16.0
batch128,gns_window_size,34,16.0
batch128,gns_window_size,35,16.0
batch128,gns_window_size,36,16.0
batch128,gns_window_size,37,16.0
batch128,gns_window_size,38,16.0
batch128,gns_window_size,39,16.0
batch128,gns_window_size,40,16.0
batch128,gns_window_size,41,16.0
batch128,gns_window_size,42,16.0
batch128,gns_window_size,43,16.0
batch128,gns_window_size,44,16.0
batch128,gns_window_size,45,16.0
batch128,gns_window_size,46,16.0
batch128,gns_window_size,47,16.0
batch128,gns_window_size,48,16.0
batch128,gns_window_size,49,16.0
batch128,gns_window_size,50,16.0
batch128,gns_window_size,51,16.0
batch128,gns_window_size,52,16.0
batch128,gns_window_size,53,16.0
batch128,gns_window_size,54,16.0
batch128,gns_window_size,55,16.0
batch128,gns_window_size,56,16.0
batch128,gns_window_size,57,16.0
batch128,gns_window_size,58,16.0
batch128,gns_window_size,59,16.0
batch128,gns_window_size,60,16.0
batch128,gns_window_size,61,16.0
batch128,gns_window_size,62,16.0
batch128,gns_window_size,63,16.0
batch128,gns_window_size,64,16.0
batch128,loss,1,0.00023078238882590085
batch128,loss,2,0.00023132773640099913
batch128,loss,3,0.00029106991132721305
batch128,loss,4,-0.0003454358666203916
batch128,loss,5,0.00024014698283281177
batch128,loss,6,0.0002914951473940164
batch128,loss,7,3.438939529587515e-05
batch128,loss,8,-6.869444041512907e-05
batch128,loss,9,0.0002250883262604475
batch128,loss,10,-8.112139767035842e-05
batch128,loss,11,-8.181836892617866e-05
batch128,loss,12,-0.0004826078948099166
batch128,loss,13,-3.955248394049704e-05
batch128,loss,14,-0.00013753242092207074
batch128,loss,15,-6.50410947855562e-05
batch128,loss,16,0.0005250833346508443
batch128,loss,17,0.0003072328108828515
batch128,loss,18,-1.768340189300943e-05
batch128,loss,19,0.0002971974899992347
batch128,loss,20,0.00040545998490415514
batch128,loss,21,0.00017501733964309096
batch128,loss,22,0.0002622657921165228
batch128,loss,23,-0.00010875715815927833
batch128,loss,24,0.00015247763076331466
batch128,loss,25,0.0004521643277257681
batch128,loss,26,0.00032197314430959523
batch128,loss,27,0.00010690680210245773
batch128,loss,28,0.0004233679792378098
batch128,loss,29,0.00019148724095430225
batch128,loss,30,0.00014812253357376903
batch128,loss,31,6.612369179492816e-05
batch128,loss,32,0.00017788949480745941
batch128,loss,33,-0.00029478140641003847
batch128,loss,34,0.00023055098426993936
batch128,loss,35,0.00031587755074724555
batch128,loss,36,0.0001367246004519984
batch128,loss,37,2.541301364544779e-05
batch128,loss,38,0.0007157205836847425
batch128,loss,39,0.00022339624410960823
batch128,loss,40,0.00012219688505865633
batch128,loss,41,-8.073642675299197e-05
batch128,loss,42,0.00028503802604973316
batch128,loss,43,0.0006876150146126747
batch128,loss,44,0.00014710414689034224
batch128,loss,45,0.0002003284462261945
batch128,loss,46,0.00012367403542157263
batch128,loss,47,0.0003525908396113664
batch128,loss,48,0.0003449942159932107
batch128,loss,49,4.118142896913923e-05
batch128,loss,50,-0.00031163948005996644
batch128,loss,51,0.0006391768692992628
batch128,loss,52,2.1645606466336176e-05
batch128,loss,53,0.00017016593483276665
batch128,loss,54,0.0001561665558256209
batch128,loss,55,0.0004174652567598969
batch128,loss,56,0.0001763556938385591
batch128,loss,57,0.0004622148408088833
batch128,loss,58,0.0002727469545789063
batch128,loss,59,0.00015581744082737714
batch128,loss,60,0.0005507292808033526
batch128,loss,61,0.0002263744972879067
batch128,loss,62,-6.168585241539404e-05
batch128,loss,63,0.0007126830751076341
batch128,loss,64,0.00046435362310148776
batch128,kl,1,-0.00014978446415625513
batch128,kl,2,-8.838583744363859e-05
batch128,kl,3,-0.000524575705640018
batch128,kl,4,-0.0005486808950081468
batch128,kl,5,-7.427877426380292e-05
batch128,kl,6,9.50683097471483e-05
batch128,kl,7,0.0001274349633604288
batch128,kl,8,0.0004153488262090832
batch128,kl,9,0.0011552920332178473
batch128,kl,10,0.0017597731202840805
batch128,kl,11,0.002074809977784753
batch128,kl,12,0.0026937462389469147
batch128,kl,13,0.0026613720692694187
batch128,kl,14,0.003908239770680666
batch128,kl,15,0.004135571885854006
batch128,kl,16,0.00470442371442914
batch128,kl,17,0.00648333877325058
batch128,kl,18,0.0073445262387394905
batch128,kl,19,0.008061351254582405
batch128,kl,20,0.008990462869405746
batch128,kl,21,0.010471045039594173
batch128,kl,22,0.009611277841031551
batch128,kl,23,0.00782576110213995
batch128,kl,24,0.01002900954335928
batch128,kl,25,0.01118982769548893
batch128,kl,26,0.011530200950801373
batch128,kl,27,0.011460024863481522
batch128,kl,28,0.01187511719763279
batch128,kl,29,0.011699436232447624
batch128,kl,30,0.014037729240953922
batch128,kl,31,0.01229272224009037
batch128,kl,32,0.012099001556634903
batch128,kl,33,0.012462281621992588
batch128,kl,34,0.015694620087742805
batch128,kl,35,0.012468240223824978
batch128,kl,36,0.012924063950777054
batch128,kl,37,0.013549724593758583
batch128,kl,38,0.01436945702880621
batch128,kl,39,0.01319902203977108
batch128,kl,40,0.013363951817154884
batch128,kl,41,0.012890742160379887
batch128,kl,42,0.015193658880889416
batch128,kl,43,0.011004434898495674
batch128,kl,44,0.01486880611628294
batch128,kl,45,0.012036223895847797
batch128,kl,46,0.0111778499558568
batch128,kl,47,0.012431317940354347
batch128,kl,48,0.012845505028963089
batch128,kl,49,0.012606639415025711
batch128,kl,50,0.01339135505259037
batch128,kl,51,0.015943972393870354
batch128,kl,52,0.014117169193923473
batch128,kl,53,0.015215113759040833
batch128,kl,54,0.014109057374298573
batch128,kl,55,0.01288500428199768
batch128,kl,56,0.01389110367745161
batch128,kl,57,0.013457301072776318
batch128,kl,58,0.013785159215331078
batch128,kl,59,0.014831925742328167
batch128,kl,60,0.015171228908002377
batch128,kl,61,0.013775510713458061
batch128,kl,62,0.012973151169717312
batch128,kl,63,0.012780321761965752
batch128,kl,64,0.012439580634236336
batch128,entropy,1,0.2782920300960541
batch128,entropy,2,0.2764919102191925
batch128,entropy,3,0.2840692698955536
batch128,entropy,4,0.3057113587856293
batch128,entropy,5,0.2752275764942169
batch128,entropy,6,0.28557488322257996
batch128,entropy,7,0.28434276580810547
batch128,entropy,8,0.2690836489200592
batch128,entropy,9,0.26528143882751465
batch128,entropy,10,0.24859263002872467
batch128,entropy,11,0.24522309005260468
batch128,entropy,12,0.2694375813007355
batch128,entropy,13,0.26303982734680176
batch128,entropy,14,0.25346067547798157
batch128,entropy,15,0.27942290902137756
batch128,entropy,16,0.2643996477127075
batch128,entropy,17,0.2750545144081116
batch128,entropy,18,0.24709178507328033
batch128,entropy,19,0.2698580324649811
batch128,entropy,20,0.27485141158103943
batch128,entropy,21,0.27267250418663025
batch128,entropy,22,0.2758333683013916
batch128,entropy,23,0.25998586416244507
batch128,entropy,24,0.260388046503067
batch128,entropy,25,0.27593880891799927
batch128,entropy,26,0.25582075119018555
batch128,entropy,27,0.2645922005176544
batch128,entropy,28,0.28103235363960266
batch128,entropy,29,0.27214300632476807
batch128,entropy,30,0.25785374641418457
batch128,entropy,31,0.260123074054718
batch128,entropy,32,0.24451099336147308
batch128,entropy,33,0.2754485607147217
batch128,entropy,34,0.2645191550254822
batch128,entropy,35,0.2653111517429352
batch128,entropy,36,0.2574715316295624
batch128,entropy,37,0.25854164361953735
batch128,entropy,38,0.24734190106391907
batch128,entropy,39,0.26633420586586
batch128,entropy,40,0.2574409544467926
batch128,entropy,41,0.26996904611587524
batch128,entropy,42,0.26136985421180725
batch128,entropy,43,0.2575928270816803
batch128,entropy,44,0.2610991895198822
batch128,entropy,45,0.26525363326072693
batch128,entropy,46,0.2609158158302307
batch128,entropy,47,0.25308552384376526
batch128,entropy,48,0.2546488344669342
batch128,entropy,49,0.2538643181324005
batch128,entropy,50,0.2631334662437439
batch128,entropy,51,0.2635210156440735
batch128,entropy,52,0.27326640486717224
batch128,entropy,53,0.2579288184642792
batch128,entropy,54,0.24779392778873444
batch128,entropy,55,0.25292906165122986
batch128,entropy,56,0.2663628160953522
batch128,entropy,57,0.26491934061050415
batch128,entropy,58,0.26334553956985474
batch128,entropy,59,0.25681746006011963
batch128,entropy,60,0.2473585307598114
batch128,entropy,61,0.26480644941329956
batch128,entropy,62,0.27992379665374756
batch128,entropy,63,0.2467907965183258
batch128,entropy,64,0.2562527358531952
buffer256,gns_noise_to_signal,16,0.05397821590304375
buffer256,gns_noise_to_signal,17,1.7396924495697021
buffer256,gns_noise_to_signal,18,2.1322689056396484
buffer256,gns_noise_to_signal,19,2.4091973304748535
buffer256,gns_noise_to_signal,20,2.8325700759887695
buffer256,gns_noise_to_signal,21,3.0810129642486572
buffer256,gns_noise_to_signal,22,3.3057005405426025
buffer256,gns_noise_to_signal,23,3.620950698852539
buffer256,gns_noise_to_signal,24,3.655001163482666
buffer256,gns_noise_to_signal,25,3.768738031387329
buffer256,gns_noise_to_signal,26,3.7752063274383545
buffer256,gns_noise_to_signal,27,3.898467540740967
buffer256,gns_noise_to_signal,28,4.034261226654053
buffer256,gns_noise_to_signal,29,4.1251349449157715
buffer256,gns_noise_to_signal,30,4.041743755340576
buffer256,gns_noise_to_signal,31,3.9011218547821045
buffer256,gns_noise_to_signal,32,4.040556907653809
buffer256,gns_noise_to_signal,33,4.135918140411377
buffer256,gns_noise_to_signal,34,4.153739929199219
buffer256,gns_noise_to_signal,35,4.3294830322265625
buffer256,gns_noise_to_signal,36,4.288254737854004
buffer256,gns_noise_to_signal,37,4.33412504196167
buffer256,gns_noise_to_signal,38,4.387327671051025
buffer256,gns_noise_to_signal,39,4.348707675933838
buffer256,gns_noise_to_signal,40,4.484151363372803
buffer256,gns_noise_to_signal,41,4.521263599395752
buffer256,gns_noise_to_signal,42,4.682480335235596
buffer256,gns_noise_to_signal,43,4.774738311767578
buffer256,gns_noise_to_signal,44,4.732974052429199
buffer256,gns_noise_to_signal,45,4.795678615570068
buffer256,gns_noise_to_signal,46,4.817607879638672
buffer256,gns_noise_to_signal,47,4.759573459625244
buffer256,gns_noise_to_signal,48,4.781877517700195
buffer256,gns_noise_to_signal,49,4.98975944519043
buffer256,gns_noise_to_signal,50,5.001741886138916
buffer256,gns_noise_to_signal,51,4.911185264587402
buffer256,gns_noise_to_signal,52,5.115932464599609
buffer256,gns_noise_to_signal,53,4.989320278167725
buffer256,gns_noise_to_signal,54,4.941114902496338
buffer256,gns_noise_to_signal,55,4.885498046875
buffer256,gns_noise_to_signal,56,4.880216121673584
buffer256,gns_noise_to_signal,57,4.949332237243652
buffer256,gns_noise_to_signal,58,4.7660722732543945
buffer256,gns_noise_to_signal,59,4.656424522399902
buffer256,gns_noise_to_signal,60,4.759716033935547
buffer256,gns_noise_to_signal,61,4.659761428833008
buffer256,gns_noise_to_signal,62,4.729718208312988
buffer256,gns_noise_to_signal,63,4.834936618804932
buffer256,gns_noise_to_signal,64,4.742173194885254
buffer256,gns_mu,16,0.05397821590304375
buffer256,gns_mu,17,1.7396924495697021
buffer256,gns_mu,18,2.1322689056396484
buffer256,gns_mu,19,2.4091973304748535
buffer256,gns_mu,20,2.8325700759887695
buffer256,gns_mu,21,3.0810129642486572
buffer256,gns_mu,22,3.3057005405426025
buffer256,gns_mu,23,3.620950698852539
buffer256,gns_mu,24,3.655001163482666
buffer256,gns_mu,25,3.768738031387329
buffer256,gns_mu,26,3.7752063274383545
buffer256,gns_mu,27,3.898467540740967
buffer256,gns_mu,28,4.034261226654053
buffer256,gns_mu,29,4.1251349449157715
buffer256,gns_mu,30,4.041743755340576
buffer256,gns_mu,31,3.9011218547821045
buffer256,gns_mu,32,4.040556907653809
buffer256,gns_mu,33,4.135918140411377
buffer256,gns_mu,34,4.153739929199219
buffer256,gns_mu,35,4.3294830322265625
buffer256,gns_mu,36,4.288254737854004
buffer256,gns_mu,37,4.33412504196167
buffer256,gns_mu,38,4.387327671051025
buffer256,gns_mu,39,4.348707675933838
buffer256,gns_mu,40,4.484151363372803
buffer256,gns_mu,41,4.521263599395752
buffer256,gns_mu,42,4.682480335235596
buffer256,gns_mu,43,4.774738311767578
buffer256,gns_mu,44,4.732974052429199
buffer256,gns_mu,45,4.795678615570068
buffer256,gns_mu,46,4.817607879638672
buffer256,gns_mu,47,4.759573459625244
buffer256,gns_mu,48,4.781877517700195
buffer256,gns_mu,49,4.98975944519043
buffer256,gns_mu,50,5.001741886138916
buffer256,gns_mu,51,4.911185264587402
buffer256,gns_mu,52,5.115932464599609
buffer256,gns_mu,53,4.989320278167725
buffer256,gns_mu,54,4.941114902496338
buffer256,gns_mu,55,4.885498046875
buffer256,gns_mu,56,4.880216121673584
buffer256,gns_mu,57,4.949332237243652
buffer256,gns_mu,58,4.7660722732543945
buffer256,gns_mu,59,4.656424522399902
buffer256,gns_mu,60,4.759716033935547
buffer256,gns_mu,61,4.659761428833008
buffer256,gns_mu,62,4.729718208312988
buffer256,gns_mu,63,4.834936618804932
buffer256,gns_mu,64,4.742173194885254
buffer256,gns_tr_sigma,16,1.9383565813768655e-05
buffer256,gns_tr_sigma,17,0.0006200856296345592
buffer256,gns_tr_sigma,18,0.0006141514168120921
buffer256,gns_tr_sigma,19,0.0006103740888647735
buffer256,gns_tr_sigma,20,0.0005803860840387642
buffer256,gns_tr_sigma,21,0.0005706316442228854
buffer256,gns_tr_sigma,22,0.000538298801984638
buffer256,gns_tr_sigma,23,0.0005205619381740689
buffer256,gns_tr_sigma,24,0.0005119359702803195
buffer256,gns_tr_sigma,25,0.0005054608918726444
buffer256,gns_tr_sigma,26,0.0005000481614843011
buffer256,gns_tr_sigma,27,0.0004936317563988268
buffer256,gns_tr_sigma,28,0.0004821744514629245
buffer256,gns_tr_sigma,29,0.00048036707448773086
buffer256,gns_tr_sigma,30,0.00047448260011151433
buffer256,gns_tr_sigma,31,0.0004666341410484165
buffer256,gns_tr_sigma,32,0.00046955805737525225
buffer256,gns_tr_sigma,33,0.00046686726273037493
buffer256,gns_tr_sigma,34,0.0004636250960174948
buffer256,gns_tr_sigma,35,0.00046081424807198346
buffer256,gns_tr_sigma,36,0.0004590980242937803
buffer256,gns_tr_sigma,37,0.0004581613466143608
buffer256,gns_tr_sigma,38,0.0004484309465624392
buffer256,gns_tr_sigma,39,0.0004454030131455511
buffer256,gns_tr_sigma,40,0.0004497071204241365
buffer256,gns_tr_sigma,41,0.0004468072147574276
buffer256,gns_tr_sigma,42,0.0004460714408196509
buffer256,gns_tr_sigma,43,0.0004528721619863063
buffer256,gns_tr_sigma,44,0.00045344565296545625
buffer256,gns_tr_sigma,45,0.00045481687993742526
buffer256,gns_tr_sigma,46,0.0004593013727571815
buffer256,gns_tr_sigma,47,0.00046768278116360307
buffer256,gns_tr_sigma,48,0.0004652314819395542
buffer256,gns_tr_sigma,49,0.0004709860950242728
buffer256,gns_tr_sigma,50,0.00047042948426678777
buffer256,gns_tr_sigma,51,0.0004718311538454145
buffer256,gns_tr_sigma,52,0.0004716990515589714
buffer256,gns_tr_sigma,53,0.0004700099234469235
buffer256,gns_tr_sigma,54,0.0004716818511951715
buffer256,gns_tr_sigma,55,0.0004739690921269357
buffer256,gns_tr_sigma,56,0.00046979912440292537
buffer256,gns_tr_sigma,57,0.0004761192831210792
buffer256,gns_tr_sigma,58,0.0004790178791154176
buffer256,gns_tr_sigma,59,0.00047668354818597436
buffer256,gns_tr_sigma,60,0.0004706199106294662
buffer256,gns_tr_sigma,61,0.00047289521899074316
buffer256,gns_tr_sigma,62,0.00047044147504493594
buffer256,gns_tr_sigma,63,0.0004615015350282192
buffer256,gns_tr_sigma,64,0.0004643347056116909
buffer256,gns_critical_batch,16,13.8184232711792
buffer256,gns_critical_batch,17,445.36126708984375
buffer256,gns_critical_batch,18,545.86083984375
buffer256,gns_critical_batch,19,616.7545166015625
buffer256,gns_critical_batch,20,725.137939453125
buffer256,gns_critical_batch,21,788.7393188476562
buffer256,gns_critical_batch,22,846.2593383789062
buffer256,gns_critical_batch,23,926.96337890625
buffer256,gns_critical_batch,24,935.6802978515625
buffer256,gns_critical_batch,25,964.7969360351562
buffer256,gns_critical_batch,26,966.4528198242188
buffer256,gns_critical_batch,27,998.0076904296875
buffer256,gns_critical_batch,28,1032.7708740234375
buffer256,gns_critical_batch,29,1056.0345458984375
buffer256,gns_critical_batch,30,1034.6864013671875
buffer256,gns_critical_batch,31,998.6871948242188
buffer256,gns_critical_batch,32,1034.382568359375
buffer256,gns_critical_batch,33,1058.7950439453125
buffer256,gns_critical_batch,34,1063.357421875
buffer256,gns_critical_batch,35,1108.34765625
buffer256,gns_critical_batch,36,1097.793212890625
buffer256,gns_critical_batch,37,1109.5360107421875
buffer256,gns_critical_batch,38,1123.1558837890625
buffer256,gns_critical_batch,39,1113.2691650390625
buffer256,gns_critical_batch,40,1147.9427490234375
buffer256,gns_critical_batch,41,1157.4434814453125
buffer256,gns_critical_batch,42,1198.7149658203125
buffer256,gns_critical_batch,43,1222.3330078125
buffer256,gns_critical_batch,44,1211.641357421875
buffer256,gns_critical_batch,45,1227.6937255859375
buffer256,gns_critical_batch,46,1233.3076171875
buffer256,gns_critical_batch,47,1218.4508056640625
buffer256,gns_critical_batch,48,1224.16064453125
buffer256,gns_critical_batch,49,1277.37841796875
buffer256,gns_critical_batch,50,1280.4459228515625
buffer256,gns_critical_batch,51,1257.263427734375
buffer256,gns_critical_batch,52,1309.6787109375
buffer256,gns_critical_batch,53,1277.2659912109375
buffer256,gns_critical_batch,54,1264.9254150390625
buffer256,gns_critical_batch,55,1250.6875
buffer256,gns_critical_batch,56,1249.3353271484375
buffer256,gns_critical_batch,57,1267.029052734375
buffer256,gns_critical_batch,58,1220.114501953125
buffer256,gns_critical_batch,59,1192.044677734375
buffer256,gns_critical_batch,60,1218.4873046875
buffer256,gns_critical_batch,61,1192.89892578125
buffer256,gns_critical_batch,62,1210.807861328125
buffer256,gns_critical_batch,63,1237.7437744140625
buffer256,gns_critical_batch,64,1213.996337890625
buffer256,gns_ema_noise_to_signal,16,0.05397821590304375
buffer256,gns_ema_noise_to_signal,17,1.7285418510437012
buffer256,gns_ema_noise_to_signal,18,1.7689145803451538
buffer256,gns_ema_noise_to_signal,19,1.8329428434371948
buffer256,gns_ema_noise_to_signal,20,1.9329055547714233
buffer256,gns_ema_noise_to_signal,21,2.0477163791656494
buffer256,gns_ema_noise_to_signal,22,2.1735146045684814
buffer256,gns_ema_noise_to_signal,23,2.318258285522461
buffer256,gns_ema_noise_to_signal,24,2.451932668685913
buffer256,gns_ema_noise_to_signal,25,2.583613157272339
buffer256,gns_ema_noise_to_signal,26,2.702772378921509
buffer256,gns_ema_noise_to_signal,27,2.8223419189453125
buffer256,gns_ema_noise_to_signal,28,2.9435338973999023
buffer256,gns_ema_noise_to_signal,29,3.0616939067840576
buffer256,gns_ema_noise_to_signal,30,3.159698963165283
buffer256,gns_ema_noise_to_signal,31,3.2338411808013916
buffer256,gns_ema_noise_to_signal,32,3.3145127296447754
buffer256,gns_ema_noise_to_signal,33,3.396653413772583
buffer256,gns_ema_noise_to_signal,34,3.4723620414733887
buffer256,gns_ema_noise_to_signal,35,3.5580739974975586
buffer256,gns_ema_noise_to_signal,36,3.631092071533203
buffer256,gns_ema_noise_to_signal,37,3.7013955116271973
buffer256,gns_ema_noise_to_signal,38,3.769988775253296
buffer256,gns_ema_noise_to_signal,39,3.8278605937957764
buffer256,gns_ema_noise_to_signal,40,3.8934895992279053
buffer256,gns_ema_noise_to_signal,41,3.9562671184539795
buffer256,gns_ema_noise_to_signal,42,4.02888822555542
buffer256,gns_ema_noise_to_signal,43,4.10347318649292
buffer256,gns_ema_noise_to_signal,44,4.166423320770264
buffer256,gns_ema_noise_to_signal,45,4.229349136352539
buffer256,gns_ema_noise_to_signal,46,4.288174629211426
buffer256,gns_ema_noise_to_signal,47,4.335314750671387
buffer256,gns_ema_noise_to_signal,48,4.379971027374268
buffer256,gns_ema_noise_to_signal,49,4.4409499168396
buffer256,gns_ema_noise_to_signal,50,4.497028827667236
buffer256,gns_ema_noise_to_signal,51,4.538444519042969
buffer256,gns_ema_noise_to_signal,52,4.596193313598633
buffer256,gns_ema_noise_to_signal,53,4.6355061531066895
buffer256,gns_ema_noise_to_signal,54,4.666067123413086
buffer256,gns_ema_noise_to_signal,55,4.688010215759277
buffer256,gns_ema_noise_to_signal,56,4.707230567932129
buffer256,gns_ema_noise_to_signal,57,4.731441020965576
buffer256,gns_ema_noise_to_signal,58,4.734903812408447
buffer256,gns_ema_noise_to_signal,59,4.72705602645874
buffer256,gns_ema_noise_to_signal,60,4.730321884155273
buffer256,gns_ema_noise_to_signal,61,4.723266124725342
buffer256,gns_ema_noise_to_signal,62,4.723911285400391
buffer256,gns_ema_noise_to_signal,63,4.735013484954834
buffer256,gns_ema_noise_to_signal,64,4.735729694366455
buffer256,gns_ema_mu,16,0.05397821590304375
buffer256,gns_ema_mu,17,1.7285418510437012
buffer256,gns_ema_mu,18,1.7689145803451538
buffer256,gns_ema_mu,19,1.8329428434371948
buffer256,gns_ema_mu,20,1.9329055547714233
buffer256,gns_ema_mu,21,2.0477163791656494
buffer256,gns_ema_mu,22,2.1735146045684814
buffer256,gns_ema_mu,23,2.318258285522461
buffer256,gns_ema_mu,24,2.451932668685913
buffer256,gns_ema_mu,25,2.583613157272339
buffer256,gns_ema_mu,26,2.702772378921509
buffer256,gns_ema_mu,27,2.8223419189453125
buffer256,gns_ema_mu,28,2.9435338973999023
buffer256,gns_ema_mu,29,3.0616939067840576
buffer256,gns_ema_mu,30,3.159698963165283
buffer256,gns_ema_mu,31,3.2338411808013916
buffer256,gns_ema_mu,32,3.3145127296447754
buffer256,gns_ema_mu,33,3.396653413772583
buffer256,gns_ema_mu,34,3.4723620414733887
buffer256,gns_ema_mu,35,3.5580739974975586
buffer256,gns_ema_mu,36,3.631092071533203
buffer256,gns_ema_mu,37,3.7013955116271973
buffer256,gns_ema_mu,38,3.769988775253296
buffer256,gns_ema_mu,39,3.8278605937957764
buffer256,gns_ema_mu,40,3.8934895992279053
buffer256,gns_ema_mu,41,3.9562671184539795
buffer256,gns_ema_mu,42,4.02888822555542
buffer256,gns_ema_mu,43,4.10347318649292
buffer256,gns_ema_mu,44,4.166423320770264
buffer256,gns_ema_mu,45,4.229349136352539
buffer256,gns_ema_mu,46,4.288174629211426
buffer256,gns_ema_mu,47,4.335314750671387
buffer256,gns_ema_mu,48,4.379971027374268
buffer256,gns_ema_mu,49,4.4409499168396
buffer256,gns_ema_mu,50,4.497028827667236
buffer256,gns_ema_mu,51,4.538444519042969
buffer256,gns_ema_mu,52,4.596193313598633
buffer256,gns_ema_mu,53,4.6355061531066895
buffer256,gns_ema_mu,54,4.666067123413086
buffer256,gns_ema_mu,55,4.688010215759277
buffer256,gns_ema_mu,56,4.707230567932129
buffer256,gns_ema_mu,57,4.731441020965576
buffer256,gns_ema_mu,58,4.734903812408447
buffer256,gns_ema_mu,59,4.72705602645874
buffer256,gns_ema_mu,60,4.730321884155273
buffer256,gns_ema_mu,61,4.723266124725342
buffer256,gns_ema_mu,62,4.723911285400391
buffer256,gns_ema_mu,63,4.735013484954834
buffer256,gns_ema_mu,64,4.735729694366455
buffer256,gns_ema_tr_sigma,16,1.9383565813768655e-05
buffer256,gns_ema_tr_sigma,17,0.000620255246758461
buffer256,gns_ema_tr_sigma,18,0.0006196448812261224
buffer256,gns_ema_tr_sigma,19,0.0006187178078107536
buffer256,gns_ema_tr_sigma,20,0.000614884658716619
buffer256,gns_ema_tr_sigma,21,0.0006104593048803508
buffer256,gns_ema_tr_sigma,22,0.0006032433011569083
buffer256,gns_ema_tr_sigma,23,0.0005949751357547939
buffer256,gns_ema_tr_sigma,24,0.0005866712308488786
buffer256,gns_ema_tr_sigma,25,0.0005785502144135535
buffer256,gns_ema_tr_sigma,26,0.0005706999800167978
buffer256,gns_ema_tr_sigma,27,0.0005629931692965329
buffer256,gns_ema_tr_sigma,28,0.0005549112684093416
buffer256,gns_ema_tr_sigma,29,0.0005474568461067975
buffer256,gns_ema_tr_sigma,30,0.0005401594680733979
buffer256,gns_ema_tr_sigma,31,0.0005328069091774523
buffer256,gns_ema_tr_sigma,32,0.000526482006534934
buffer256,gns_ema_tr_sigma,33,0.0005205205525271595
buffer256,gns_ema_tr_sigma,34,0.0005148309865035117
buffer256,gns_ema_tr_sigma,35,0.0005094293155707419
buffer256,gns_ema_tr_sigma,36,0.0005043962155468762
buffer256,gns_ema_tr_sigma,37,0.0004997727228328586
buffer256,gns_ema_tr_sigma,38,0.0004946385161019862
buffer256,gns_ema_tr_sigma,39,0.0004897149628959596
buffer256,gns_ema_tr_sigma,40,0.0004857142048422247
buffer256,gns_ema_tr_sigma,41,0.00048182348837144673
buffer256,gns_ema_tr_sigma,42,0.0004782482865266502
buffer256,gns_ema_tr_sigma,43,0.0004757106944452971
buffer256,gns_ema_tr_sigma,44,0.0004734841932076961
buffer256,gns_ema_tr_sigma,45,0.0004716174444183707
buffer256,gns_ema_tr_sigma,46,0.0004703858576249331
buffer256,gns_ema_tr_sigma,47,0.000470115541247651
buffer256,gns_ema_tr_sigma,48,0.0004696271207649261
buffer256,gns_ema_tr_sigma,49,0.000469763035653159
buffer256,gns_ema_tr_sigma,50,0.00046982968342490494
buffer256,gns_ema_tr_sigma,51,0.0004700298304669559
buffer256,gns_ema_tr_sigma,52,0.00047019674093462527
buffer256,gns_ema_tr_sigma,53,0.00047017805627547204
buffer256,gns_ema_tr_sigma,54,0.000470328435767442
buffer256,gns_ema_tr_sigma,55,0.00047069249558262527
buffer256,gns_ema_tr_sigma,56,0.00047060317592695355
buffer256,gns_ema_tr_sigma,57,0.00047115478082560003
buffer256,gns_ema_tr_sigma,58,0.0004719410790130496
buffer256,gns_ema_tr_sigma,59,0.0004724153259303421
buffer256,gns_ema_tr_sigma,60,0.0004722357844002545
buffer256,gns_ema_tr_sigma,61,0.00047230173368006945
buffer256,gns_ema_tr_sigma,62,0.00047211570199579
buffer256,gns_ema_tr_sigma,63,0.0004710542852990329
buffer256,gns_ema_tr_sigma,64,0.00047038233606144786
buffer256,gns_ema_critical_batch,16,13.8184232711792
buffer256,gns_ema_critical_batch,17,442.5067138671875
buffer256,gns_ema_critical_batch,18,452.8421325683594
buffer256,gns_ema_critical_batch,19,469.2333679199219
buffer256,gns_ema_critical_batch,20,494.8238220214844
buffer256,gns_ema_critical_batch,21,524.2153930664062
buffer256,gns_ema_critical_batch,22,556.4197387695312
buffer256,gns_ema_critical_batch,23,593.47412109375
buffer256,gns_ema_critical_batch,24,627.6947631835938
buffer256,gns_ema_critical_batch,25,661.4049682617188
buffer256,gns_ema_critical_batch,26,691.9097290039062
buffer256,gns_ema_critical_batch,27,722.51953125
buffer256,gns_ema_critical_batch,28,753.544677734375
buffer256,gns_ema_critical_batch,29,783.7936401367188
buffer256,gns_ema_critical_batch,30,808.8829345703125
buffer256,gns_ema_critical_batch,31,827.8633422851562
buffer256,gns_ema_critical_batch,32,848.5152587890625
buffer256,gns_ema_critical_batch,33,869.5432739257812
buffer256,gns_ema_critical_batch,34,888.9246826171875
buffer256,gns_ema_critical_batch,35,910.866943359375
buffer256,gns_ema_critical_batch,36,929.5595703125
buffer256,gns_ema_critical_batch,37,947.5572509765625
buffer256,gns_ema_critical_batch,38,965.1171264648438
buffer256,gns_ema_critical_batch,39,979.9323120117188
buffer256,gns_ema_critical_batch,40,996.7333374023438
buffer256,gns_ema_critical_batch,41,1012.8043823242188
buffer256,gns_ema_critical_batch,42,1031.3953857421875
buffer256,gns_ema_critical_batch,43,1050.4891357421875
buffer256,gns_ema_critical_batch,44,1066.6043701171875
buffer256,gns_ema_critical_batch,45,1082.71337890625
buffer256,gns_ema_critical_batch,46,1097.772705078125
buffer256,gns_ema_critical_batch,47,1109.840576171875
buffer256,gns_ema_critical_batch,48,1121.2725830078125
buffer256,gns_ema_critical_batch,49,1136.8831787109375
buffer256,gns_ema_critical_batch,50,1151.2393798828125
buffer256,gns_ema_critical_batch,51,1161.841796875
buffer256,gns_ema_critical_batch,52,1176.62548828125
buffer256,gns_ema_critical_batch,53,1186.6895751953125
buffer256,gns_ema_critical_batch,54,1194.51318359375
buffer256,gns_ema_critical_batch,55,1200.130615234375
buffer256,gns_ema_critical_batch,56,1205.051025390625
buffer256,gns_ema_critical_batch,57,1211.2489013671875
buffer256,gns_ema_critical_batch,58,1212.1353759765625
buffer256,gns_ema_critical_batch,59,1210.1263427734375
buffer256,gns_ema_critical_batch,60,1210.96240234375
buffer256,gns_ema_critical_batch,61,1209.1561279296875
buffer256,gns_ema_critical_batch,62,1209.3212890625
buffer256,gns_ema_critical_batch,63,1212.1634521484375
buffer256,gns_ema_critical_batch,64,1212.3468017578125
buffer256,gns_window_size,16,0.5
buffer256,gns_window_size,17,16.0
buffer256,gns_window_size,18,16.0
buffer256,gns_window_size,19,16.0
buffer256,gns_window_size,20,16.0
buffer256,gns_window_size,21,16.0
buffer256,gns_window_size,22,16.0
buffer256,gns_window_size,23,16.0
buffer256,gns_window_size,24,16.0
buffer256,gns_window_size,25,16.0
buffer256,gns_window_size,26,16.0
buffer256,gns_window_size,27,16.0
buffer256,gns_window_size,28,16.0
buffer256,gns_window_size,29,16.0
buffer256,gns_window_size,30,16.0
buffer256,gns_window_size,31,16.0
buffer256,gns_window_size,32,16.0
buffer256,gns_window_size,33,16.0
buffer256,gns_window_size,34,16.0
buffer256,gns_window_size,35,16.0
buffer256,gns_window_size,36,16.0
buffer256,gns_window_size,37,16.0
buffer256,gns_window_size,38,16.0
buffer256,gns_window_size,39,16.0
buffer256,gns_window_size,40,16.0
buffer256,gns_window_size,41,16.0
buffer256,gns_window_size,42,16.0
buffer256,gns_window_size,43,16.0
buffer256,gns_window_size,44,16.0
buffer256,gns_window_size,45,16.0
buffer256,gns_window_size,46,16.0
buffer256,gns_window_size,47,16.0
buffer256,gns_window_size,48,16.0
buffer256,gns_window_size,49,16.0
buffer256,gns_window_size,50,16.0
buffer256,gns_window_size,51,16.0
buffer256,gns_window_size,52,16.0
buffer256,gns_window_size,53,16.0
buffer256,gns_window_size,54,16.0
buffer256,gns_window_size,55,16.0
buffer256,gns_window_size,56,16.0
buffer256,gns_window_size,57,16.0
buffer256,gns_window_size,58,16.0
buffer256,gns_window_size,59,16.0
buffer256,gns_window_size,60,16.0
buffer256,gns_window_size,61,16.0
buffer256,gns_window_size,62,16.0
buffer256,gns_window_size,63,16.0
buffer256,gns_window_size,64,16.0
buffer256,loss,1,-4.2086088797077537e-05
buffer256,loss,2,-9.481290908297524e-05
buffer256,loss,3,1.1263597116339952e-05
buffer256,loss,4,-0.00018096530402544886
buffer256,loss,5,-3.5666205803863704e-05
buffer256,loss,6,-0.0001052882507792674
buffer256,loss,7,-0.000234397200983949
buffer256,loss,8,-6.374567601596937e-05
buffer256,loss,9,0.00013695773668587208
buffer256,loss,10,-8.839838119456545e-05
buffer256,loss,11,0.00012547224469017237
buffer256,loss,12,3.368230318301357e-05
buffer256,loss,13,8.344752131961286e-05
buffer256,loss,14,8.570820500608534e-05
buffer256,loss,15,-4.801384056918323e-05
buffer256,loss,16,3.384380534043885e-06
buffer256,loss,17,3.218747951905243e-05
buffer256,loss,18,8.741719284444116e-06
buffer256,loss,19,-3.743815977941267e-05
buffer256,loss,20,7.791957614244893e-05
buffer256,loss,21,-1.9510105630615726e-05
buffer256,loss,22,6.794596265535802e-05
buffer256,loss,23,0.00017373892478644848
buffer256,loss,24,0.00011595197429414839
buffer256,loss,25,-3.421473820708343e-06
buffer256,loss,26,3.51352064171806e-05
buffer256,loss,27,0.00013547427079174668
buffer256,loss,28,0.00013827707152813673
buffer256,loss,29,-8.123395673464984e-05
buffer256,loss,30,5.2687151764985174e-05
buffer256,loss,31,0.00021166587248444557
buffer256,loss,32,0.000228283170145005
buffer256,loss,33,-8.549840276828036e-05
buffer256,loss,34,0.00011793816520366818
buffer256,loss,35,-0.00012771501496899873
buffer256,loss,36,9.440800567972474e-06
buffer256,loss,37,6.972261326154694e-05
buffer256,loss,38,3.749737879843451e-05
buffer256,loss,39,8.44152964418754e-05
buffer256,loss,40,0.00011814908066298813
buffer256,loss,41,7.106280099833384e-05
buffer256,loss,42,8.580380381317809e-05
buffer256,loss,43,-4.668385736295022e-05
buffer256,loss,44,2.220358328486327e-05
buffer256,loss,45,-5.195823541725986e-05
buffer256,loss,46,4.229679689160548e-05
buffer256,loss,47,9.191494609694928e-05
buffer256,loss,48,6.347764428937808e-05
buffer256,loss,49,-4.732903835247271e-05
buffer256,loss,50,-8.30237113405019e-05
buffer256,loss,51,3.667468627099879e-05
buffer256,loss,52,1.6306408724631183e-05
buffer256,loss,53,0.000164299039170146
buffer256,loss,54,8.667638030601665e-05
buffer256,loss,55,0.00017073162598535419
buffer256,loss,56,0.00016451964620500803
buffer256,loss,57,0.00012972790864296257
buffer256,loss,58,8.73446260811761e-05
buffer256,loss,59,-5.040854375693016e-05
buffer256,loss,60,7.572562026325613e-05
buffer256,loss,61,0.00019722293654922396
buffer256,loss,62,0.00012605941446963698
buffer256,loss,63,-1.9911556137230946e-06
buffer256,loss,64,0.0002410879242233932
buffer256,kl,1,0.11226947605609894
buffer256,kl,2,0.11546766012907028
buffer256,kl,3,0.11501751840114594
buffer256,kl,4,0.11253058165311813
buffer256,kl,5,0.11777063459157944
buffer256,kl,6,0.10888556391000748
buffer256,kl,7,0.1082778349518776
buffer256,kl,8,0.11092303693294525
buffer256,kl,9,0.11895416676998138
buffer256,kl,10,0.11521943658590317
buffer256,kl,11,0.11662351340055466
buffer256,kl,12,0.12209620326757431
buffer256,kl,13,0.12189622223377228
buffer256,kl,14,0.11642419546842575
buffer256,kl,15,0.12351053953170776
buffer256,kl,16,0.12006671726703644
buffer256,kl,17,0.12248615175485611
buffer256,kl,18,0.1213206872344017
buffer256,kl,19,0.12472860515117645
buffer256,kl,20,0.12329436093568802
buffer256,kl,21,0.12400878965854645
buffer256,kl,22,0.12144089490175247
buffer256,kl,23,0.11949827522039413
buffer256,kl,24,0.12437909096479416
buffer256,kl,25,0.11533915251493454
buffer256,kl,26,0.11303598433732986
buffer256,kl,27,0.12217006087303162
buffer256,kl,28,0.12434513121843338
buffer256,kl,29,0.11756430566310883
buffer256,kl,30,0.1182122603058815
buffer256,kl,31,0.12311955541372299
buffer256,kl,32,0.12204480916261673
buffer256,kl,33,0.12412431091070175
buffer256,kl,34,0.1180303543806076
buffer256,kl,35,0.12005643546581268
buffer256,kl,36,0.1181703731417656
buffer256,kl,37,0.11321862041950226
buffer256,kl,38,0.11658753454685211
buffer256,kl,39,0.12310168892145157
buffer256,kl,40,0.12210466712713242
buffer256,kl,41,0.12447812408208847
buffer256,kl,42,0.1259094476699829
buffer256,kl,43,0.12157273292541504
buffer256,kl,44,0.12676522135734558
buffer256,kl,45,0.12045182287693024
buffer256,kl,46,0.1327524036169052
buffer256,kl,47,0.12102960795164108
buffer256,kl,48,0.12324047088623047
buffer256,kl,49,0.12410429865121841
buffer256,kl,50,0.12249953299760818
buffer256,kl,51,0.12147949635982513
buffer256,kl,52,0.12048695981502533
buffer256,kl,53,0.12205053865909576
buffer256,kl,54,0.12098579108715057
buffer256,kl,55,0.11710317432880402
buffer256,kl,56,0.1233830600976944
buffer256,kl,57,0.12402136623859406
buffer256,kl,58,0.12802641093730927
buffer256,kl,59,0.11941424757242203
buffer256,kl,60,0.12180310487747192
buffer256,kl,61,0.12781286239624023
buffer256,kl,62,0.1199943944811821
buffer256,kl,63,0.12422244250774384
buffer256,kl,64,0.12584829330444336
buffer256,entropy,1,0.28192445635795593
buffer256,entropy,2,0.29296788573265076
buffer256,entropy,3,0.27439171075820923
buffer256,entropy,4,0.28456175327301025
buffer256,entropy,5,0.26814424991607666
buffer256,entropy,6,0.2625509202480316
buffer256,entropy,7,0.2606372535228729
buffer256,entropy,8,0.2584521472454071
buffer256,entropy,9,0.269615113735199
buffer256,entropy,10,0.2665116786956787
buffer256,entropy,11,0.25835004448890686
buffer256,entropy,12,0.2708563506603241
buffer256,entropy,13,0.27359938621520996
buffer256,entropy,14,0.26324623823165894
buffer256,entropy,15,0.2739412188529968
buffer256,entropy,16,0.2671830952167511
buffer256,entropy,17,0.2584848999977112
buffer256,entropy,18,0.2657480239868164
buffer256,entropy,19,0.2686893343925476
buffer256,entropy,20,0.2675136625766754
buffer256,entropy,21,0.2669120728969574
buffer256,entropy,22,0.26721522212028503
buffer256,entropy,23,0.2725988030433655
buffer256,entropy,24,0.2690763473510742
buffer256,entropy,25,0.26020675897598267
buffer256,entropy,26,0.25164684653282166
buffer256,entropy,27,0.26771315932273865
buffer256,entropy,28,0.2687605321407318
buffer256,entropy,29,0.24771511554718018
buffer256,entropy,30,0.26299238204956055
buffer256,entropy,31,0.2586665749549866
buffer256,entropy,32,0.26008808612823486
buffer256,entropy,33,0.2646392285823822
buffer256,entropy,34,0.25463348627090454
buffer256,entropy,35,0.25435760617256165
buffer256,entropy,36,0.24282494187355042
buffer256,entropy,37,0.23977130651474
buffer256,entropy,38,0.2450493723154068
buffer256,entropy,39,0.2578526735305786
buffer256,entropy,40,0.25839945673942566
buffer256,entropy,41,0.2632196545600891
buffer256,entropy,42,0.2650948464870453
buffer256,entropy,43,0.25115570425987244
buffer256,entropy,44,0.2644056975841522
buffer256,entropy,45,0.24880431592464447
buffer256,entropy,46,0.2697896659374237
buffer256,entropy,47,0.2430766075849533
buffer256,entropy,48,0.2480216920375824
buffer256,entropy,49,0.2574102282524109
buffer256,entropy,50,0.2505343556404114
buffer256,entropy,51,0.24762974679470062
buffer256,entropy,52,0.2526070475578308
buffer256,entropy,53,0.2583148777484894
buffer256,entropy,54,0.23922060430049896
buffer256,entropy,55,0.24573315680027008
buffer256,entropy,56,0.24663877487182617
buffer256,entropy,57,0.24922442436218262
buffer256,entropy,58,0.2553132176399231
buffer256,entropy,59,0.24073544144630432
buffer256,entropy,60,0.2543691098690033
buffer256,entropy,61,0.2524733543395996
buffer256,entropy,62,0.24991479516029358
buffer256,entropy,63,0.250088632106781
buffer256,entropy,64,0.2524527907371521
